water_level,dh_dt,saturation,elevation,submerged
37.454011884736246,1.355351153623154,0.7003971147985149,35.93027816311288,0
95.07143064099162,1.2228091916479986,0.8638026305099904,16.89545448420665,1
73.1993941811405,7.15629122468933,0.8321126508531114,44.8957825341926,1
59.86584841970366,1.2459157986455551,0.40772993328564155,34.52464956276966,0
15.601864044243651,1.4475475351576792,0.40447462881903173,16.28815534227817,0
15.599452033620265,5.8345843617616735,0.4877220574214393,48.49352229924827,0
5.8083612168199465,3.0476585820548596,0.552752308438726,30.734618533412824,0
86.61761457749351,5.990395012596631,0.5859189069859378,12.915938074866201,1
60.11150117432088,-0.41170458192053283,0.7757880517833416,35.07331617660269,0
70.80725777960456,3.3881407430604584,0.33967630251608477,20.127956280512407,1
2.0584494295802447,-0.6974775983504563,0.32427089295824646,42.1477380750921,0
96.99098521619943,-0.4361211689018093,0.5743373940607364,42.712882942647624,0
83.24426408004217,7.157937080099698,0.7880145844965862,49.15789423418647,1
21.233911067827616,0.25320834005835646,0.4354047400695378,30.074781240980148,0
18.182496720710063,3.7917861404769537,0.7490531368793761,28.198275189109484,0
18.34045098534338,2.699860423406359,0.4818796965582096,40.13902421785922,0
30.42422429595377,2.126089936329584,0.9202602761694614,15.298826253677063,1
52.475643163223786,7.0985001111854515,0.9269829609866316,31.87662055172497,1
43.194501864211574,-0.8035894290205945,0.5081010429969285,31.849904005234038,0
29.122914019804192,4.9741071755803015,0.46099562777426834,13.578924912415488,1
61.18528947223795,7.670549907921954,0.5879127804463619,26.719363420276544,1
13.949386065204184,4.041513651156578,0.4683721096261041,44.131391942688076,0
29.214464853521815,7.431402158297827,0.7706686903041925,44.246144879786414,1
36.63618432936917,-0.5296790864257861,0.8782452791837998,13.969506596787241,0
45.606998421703594,2.7691398716674525,0.7711644916378518,13.628835309913235,1
78.51759613930136,1.3414201186584602,0.8770453130745446,20.50781908007741,1
19.967378215835975,5.577388684826568,0.5778945135452318,44.99064250215974,0
51.42344384136116,7.83167381447522,0.40942187949620257,15.156103402939959,1
59.24145688620425,1.3087705619982302,0.8165656631783145,38.79987210509785,0
4.645041271999773,4.88757141326667,0.5523321535990877,14.046624784524129,1
60.75448519014384,0.7828786948376611,0.7698895776603927,34.92551414991301,0
17.052412368729154,4.087972291144489,0.4894507593872359,24.242691964765793,0
6.505159298527952,3.175392380195026,0.35686074436467086,41.55655851863468,0
94.88855372533332,7.748047966683833,0.9948072568414343,19.347617953014545,1
96.56320330745594,4.476745454268199,0.4093410555514195,35.56807317559839,1
80.83973481164611,2.1455573487813693,0.9918946957744368,19.4273013830354,1
30.46137691733707,0.026862063991400342,0.984095952796513,38.54641132448615,0
9.767211400638388,0.3612214586144109,0.8556726727356276,44.94712138242995,0
68.42330265121569,1.0278523695611157,0.7615960734573983,15.072071965070402,1
44.01524937396013,1.258699952062682,0.7044649351757593,44.66382754382014,0
12.203823484477883,6.65554452057024,0.9062710817644841,33.743010176571914,1
49.51769101112702,4.051005094542724,0.5026076651336415,15.084419634680959,1
3.4388521115218396,3.7105182023692977,0.6273768487394139,27.10167421438848,0
90.9320402078782,0.03291984682295723,0.7335729785565512,16.434411739403917,1
25.87799816000169,6.741257240144915,0.5878333331086437,38.01391555466278,1
66.2522284353982,5.5053287288763535,0.5992405178631875,40.35472537671799,1
31.171107608941096,-0.39098474289998575,0.531199267251459,14.231860810911957,0
52.00680211778108,5.370515875067918,0.6949622716791752,30.245594107785774,1
54.67102793432797,3.8918439560838145,0.8954021696105812,42.58500224103669,1
18.485445552552704,-0.2644718882789957,0.441069864604419,47.446521662039856,0
96.95846277645586,3.124705773757908,0.954103127127409,30.540714669670802,1
77.51328233611146,3.362266584170423,0.7823613576237607,48.01116894445628,1
93.9498941564189,0.49197086146948177,0.8762912488760211,31.42755881824119,1
89.48273504276489,7.511283323002541,0.6893334848410081,25.767619783996317,1
59.78999788110851,6.649778343325957,0.8456616909968444,43.92812514211582,1
92.18742350231169,5.021201035961975,0.31134027813762705,29.719308418323564,1
8.84925020519195,3.1606600490054646,0.8728662973456747,28.876100422580922,0
19.59828624191452,2.705889874260577,0.32809720135975656,29.612499576393134,0
4.522728891053807,4.858761204358587,0.9229393634540037,43.87140007478982,0
32.53303307632643,3.908886824662149,0.9943739230670503,43.27766166752208,0
38.8677289689482,-0.43954204706302946,0.5058472235237444,26.140799697608447,0
27.134903177389592,3.612523838932985,0.44722298940005556,23.331994394821002,0
82.87375091519293,6.257632555095555,0.8357543547006285,29.677120961565173,1
35.67533266935893,3.1331588983726224,0.47711843864417725,32.91090038948436,0
28.093450968738075,-0.5323908020115843,0.9058936682205423,19.533488425119877,0
54.26960831582485,6.076503794456298,0.37198981451023366,41.75820338862363,1
14.092422497476264,0.8122740392237695,0.38816863746555075,29.459310629296915,0
80.21969807540397,1.327587513992349,0.9854060885704308,23.361821936798385,1
7.455064367977082,0.48235718089066304,0.7716872287890032,14.272839718559624,0
98.68869366005173,1.9719355838434778,0.8928210571002668,19.553806416144276,1
77.22447692966574,5.810763551197716,0.5270305641460626,47.97124687023935,1
19.87156815341724,3.674472735535436,0.773538624664423,22.203987472781066,0
0.5522117123602399,0.8439314673564131,0.7159692791160179,16.754371574681414,0
81.54614284548342,6.900470703368367,0.7222050840860629,28.42691166619973,1
70.68573438476172,6.9162366945637626,0.777772721676405,22.283509734409947,1
72.90071680409874,6.835205825414063,0.7027514211903689,11.406370010847766,1
77.12703466859458,1.1491659024338534,0.6003436585118661,22.92580869117669,1
7.4044651734090365,3.0611540976288927,0.49314588606638277,31.764344957578743,0
35.84657285442726,7.864906905267876,0.8380069316392413,32.06849488079868,1
11.586905952512971,5.948112286789914,0.45839070100223034,24.262356847075548,1
86.31034258755935,-0.7554932089699616,0.7846480143080898,27.892110250104025,0
62.329812682755794,-0.41315867865557154,0.4633329758545286,48.62071672939066,0
33.08980248526492,3.175382391310995,0.7377311189681177,25.093939089212466,0
6.355835028602364,7.182981852754041,0.8229547869903202,20.32907253039932,1
31.09823217156622,3.848316181574428,0.4530997222345774,19.738681762670403,0
32.518332202674706,3.4803125723086117,0.34196031060291576,28.310584508165366,0
72.96061783380641,-0.05073670039032474,0.39168162009592183,40.38080594867776,0
63.75574713552131,4.911020942518647,0.7241978770897177,18.239527367538926,1
88.72127425763266,6.39892844540203,0.8946124843580148,38.371845085630724,1
47.22149251619493,2.423780067568061,0.33149777486479703,10.845992933976651,0
11.959424593830171,5.980506658327947,0.8139058813291524,26.75731911935784,1
71.3244787222995,7.680289885107305,0.5389230521650364,41.03460260811147,1
76.07850486168974,0.8338981321492018,0.6349698589436658,23.549318230977256,1
56.127719756949624,3.7099666807526717,0.9502016848918959,32.549484057815974,1
77.0967179954561,1.58424162276118,0.5323800533150918,18.199169313036432,1
49.379559636439076,6.135689771304554,0.6257358537576402,39.679815645046894,1
52.27328293819941,4.198340292930418,0.3095776903324768,12.091164130750386,1
42.75410183585496,4.711241757952734,0.35711910400338687,44.10170579502002,0
2.541912674409519,6.181227436543047,0.4810141137943488,17.927855456866727,1
10.789142699330444,2.563734253962094,0.31949656857475206,44.97592126833323,0
3.142918568673425,7.2358106156633895,0.7419627282337756,24.101169652020694,1
63.64104112637804,3.7972598052152593,0.5984788497611357,38.907342978979464,1
31.435598107632668,0.42159340551813207,0.6837016419096154,22.76901191144754,0
50.85706911647028,5.263092063519222,0.42225303012743065,46.236466849385906,1
90.7566473926093,6.13935215394429,0.5071524206056313,15.065485020734975,1
24.929222914887493,1.85085509360774,0.7646771323969075,17.14079157090395,0
41.038292303562976,6.714613312988777,0.9757119065412798,29.721205006352093,1
75.55511385430486,7.155289292891897,0.3352917415215464,13.277537561525845,1
22.879816549162246,1.4921403864002802,0.9232690245986863,17.839207388070477,0
7.697990982879299,7.851693254436999,0.7038168409178459,47.75065528848057,1
28.9751452913768,0.26640375243882586,0.6947436967289365,49.059586445915485,0
16.122128725400444,0.8181410156224098,0.6501949746454322,25.050373173216876,0
92.96976523425731,0.6580235531422352,0.34857586013292835,46.93144084055743,0
80.8120379564417,7.045907390070834,0.36291379621531245,31.79298702693727,1
63.34037565104234,4.8886329709246565,0.7206384039613603,20.789698634950682,1
87.14605901877177,0.36893854900045575,0.5386710000048908,38.095948843223944,0
80.36720768991145,2.962910765315141,0.9420876466043764,36.35607226299429,1
18.657005888603585,4.5376822256282185,0.5846133761516306,49.56501276434933,0
89.25589984899777,-0.24882323509555038,0.4002970210918487,20.60189149637133,0
53.93422419156507,6.941747315666048,0.8003031834514251,36.88238010646941,1
80.74401551640625,6.232431818973817,0.5053473950087068,12.080950201177876,1
89.60912999234932,3.5468609621897444,0.6678292151491252,14.545841547868775,1
31.800347497186387,7.704139537332534,0.788482949853619,10.156734998043731,1
11.005192452767677,2.759848813475897,0.9301848778414492,49.97842724238693,0
22.793516254194166,7.85699287132848,0.8545338363611732,42.09094788589911,1
42.71077886262563,5.011279989232643,0.7734527475109068,41.468920589341636,1
81.80147659224932,4.712041459285473,0.7757432276766005,30.38904301152719,1
86.07305832563435,0.493594057662065,0.9621472508224604,22.0026833162176,1
0.6952130531190703,6.937349824741796,0.5070768682475753,16.050571378507037,1
51.07473025775657,2.8474071912855363,0.30077846593733115,21.386989553858548,0
41.7411003148779,0.4601006520423141,0.49036819157873907,25.038848877165563,0
22.210781047073024,-0.8865323202181686,0.4525239657387208,40.25240387921176,0
11.98653673336828,4.037801152745443,0.7632842095797987,31.586471556126096,0
33.7615171403628,3.7465965991040866,0.7435981198358703,13.099345062219307,1
94.29097039125192,5.474182601322427,0.7154229678933066,10.721160358356489,1
32.320293202075526,7.01232247716022,0.3113704102466176,14.093287181362527,1
51.87906217433661,-0.2853407382127343,0.8101446381154531,26.419948547895174,0
70.30189588951778,5.583468413063261,0.5264712887398441,47.32771668196073,1
36.3629602379294,0.6867074968782401,0.7655391923046417,35.496099248368864,0
97.17820827209607,6.723593478414475,0.6896048999515073,42.073035995020604,1
96.24472949421113,6.371571624754905,0.5399116477995349,28.654983780181944,1
25.178229582536417,3.8671437948698992,0.3942033869728754,24.466643327801712,0
49.72485058923854,5.392185187609804,0.36609322836233665,14.33601490866491,1
30.087830981676966,1.8291510186537354,0.8820628331785565,45.037320887448196,0
28.484049437746762,3.240511090395332,0.9428782794570905,41.32640116111611,0
3.6886947354532795,6.394732079394245,0.7548516327350097,16.724723903909005,1
60.956433397989684,3.1333867745589252,0.37240388040233835,30.490422555050422,1
50.26790232288615,2.220184387928976,0.5814190518217685,29.494992316849796,0
5.147875124998935,3.447912025252699,0.81025744007361,35.003662107461146,0
27.864646423661142,6.454243271934965,0.8458746188070476,47.84747575965045,1
90.82658859666537,2.0168724263378546,0.382753035603762,33.190857670499184,1
23.95618906669724,0.5638543382216943,0.3000215031917677,31.608690671144743,0
14.48948720912231,5.408126182977027,0.7984959321164234,12.012917317386558,1
48.9452760277563,6.433803914372736,0.549617323190344,12.516299040720957,1
98.56504541106007,-0.09426269328820003,0.4781369321327822,17.493871653071555,1
24.20552715115004,1.1588670148035023,0.3090282288526678,11.298830867669931,0
67.21355474058785,0.2777479078489451,0.6782095847330498,39.7341158228005,0
76.16196153287176,2.1314727042394996,0.8958055147981872,38.933212159758526,1
23.763754399239968,3.053158810148714,0.9703421523908116,15.442249377265718,1
72.82163486118596,5.739437032669758,0.6960214654293024,43.443156031811235,1
36.77831327192532,4.860328263935067,0.6601229294179258,16.191441393844478,1
63.23058305935795,4.588357107305881,0.35953946984246876,22.047023479894353,1
63.35297107608947,2.1713745194868896,0.6842109610798198,19.9590759664546,1
53.57746840747585,6.573027977762839,0.5659853552757762,24.89228394292191,1
9.02897700544083,3.2415845065834814,0.7249946966185038,20.186550635598476,0
83.5302495589238,7.81194444213639,0.5721084435135826,29.558037057538083,1
32.07800649717358,4.707279244661631,0.46820938641525667,26.296315254187416,1
18.651851039985424,0.1363826740805245,0.3664756926598635,49.46277963117306,0
4.077514155476392,5.085598058678906,0.520442911212227,12.237054005129027,1
59.08929431882418,1.925936138885291,0.3676513840014266,15.687255055494065,0
67.75643618422824,5.1769447701748765,0.42382786557678875,12.1130357563441,1
1.6587828927856152,-0.3732296665383483,0.9911353110056822,35.03364779929503,0
51.2093058299281,0.5739329345836346,0.6108724898346329,12.180371096548782,0
22.649577519793795,6.701635330152077,0.6723102365535116,43.457589495044935,1
64.51727904094498,1.044616013211634,0.9115329701160506,30.477545227277112,1
17.436642900499145,6.53337012718646,0.9968982303434815,31.08030498326135,1
69.09377381024659,1.5134847960896938,0.7079001145412771,32.46378030848777,0
38.67353463005374,4.785937190528369,0.8687316747309202,16.83254825224843,1
93.67299887367345,5.247355161588479,0.5288587170356727,17.9076121245795,1
13.752094414599325,3.613892778305477,0.5140207702131038,22.75269291492019,0
34.10663510502585,1.7477960902705814,0.5818926046961921,33.73985663287406,0
11.347352124058908,0.9137993873398651,0.7707550838715543,18.404711037608582,0
92.46936182785628,-0.701295808938164,0.7775341824785691,14.65326908533045,1
87.7339353380981,1.7355176111665145,0.5206676042546156,48.804675456737286,0
25.79416277151556,4.878465114781547,0.39324694689564005,10.879272592384917,1
65.99840460341791,7.444743366036343,0.7426773795258559,42.10789621344087,1
81.72222002012158,6.8408403403674685,0.38982810353213515,41.52140598300088,1
55.52008115994623,5.8945829888177235,0.7049447557605311,21.88856455380384,1
52.965057835600646,6.096026089279688,0.7853954896394162,15.425064640292536,1
24.18522909004517,4.984864131283957,0.7904280474761161,15.825145868216936,1
9.310276780589922,1.342581718094027,0.8274304774617176,37.8972646894877,0
89.72157579533267,7.164755276352469,0.9110015950959651,35.712263643446946,1
90.04180571633304,5.036590807152506,0.649971294375352,41.30982697005547,1
63.31014572732679,4.04396567882396,0.8111744326706998,47.499246895964184,1
33.90297910487007,-0.0010947770786703392,0.7334209147560857,37.67709453066368,0
34.92095746126609,3.023499894257829,0.4306479578583778,16.23406146205774,0
72.59556788702393,3.1432244408173364,0.31798275140858573,19.737704670616427,1
89.71102599525771,6.78107248570403,0.4991789699738536,43.68774923492458,1
88.70864242651173,3.919833981690096,0.6101235944363336,18.372243033368342,1
77.98755458576238,2.4236049407336866,0.7319741611000594,12.900892678179257,1
64.20316461542878,7.791202956595933,0.8949715313522437,38.13120216169002,1
8.413996499504883,-0.0035146600631589253,0.4373720016943159,26.101054219605683,0
16.162871409461378,2.8029358548075014,0.38788485292893393,46.801602101836146,0
89.85541885270793,-0.6217779234573524,0.9744359632320292,36.01020284374646,0
60.642905965958995,5.659137086902373,0.37563119156348496,13.616759111666429,1
0.9197051616629648,7.262688969792356,0.6349437490750324,47.91426269014643,0
10.147154286603211,1.5203359659544047,0.7098946101553113,20.342290545609835,0
66.35017691080559,6.725075091192088,0.6789620946352067,23.48849961625143,1
0.5061583846218687,1.6299640741570798,0.3602225099230602,26.090416547341682,0
16.080805141749867,7.196931454795237,0.33991883980253357,12.04897185617253,1
54.87337893665861,5.785657132371055,0.37383839922272494,29.860616889224193,1
69.18951976926932,6.244160991572947,0.7099113787108287,14.93273964301169,1
65.19612595026005,-0.8379409995959095,0.6810414213440248,26.038813067534072,0
22.42693094605598,7.665293213666233,0.463618554425721,24.02839151968337,1
71.2179221347536,5.540038928632909,0.7464418992919141,40.91360333706014,1
23.724908749680008,1.7427598584751998,0.8740472514389546,42.126820465309244,0
32.539969815926774,6.464551983729622,0.3291052718926156,16.13651529556352,1
74.64914051180241,1.5336907857343696,0.6486909604836297,24.66204749516905,1
64.96328990472146,6.854784556095152,0.7825172884718832,24.934126441273268,1
84.9223410494178,0.013223513707433021,0.47661834894878097,16.056417757443402,1
65.76128923003434,5.333173797147162,0.5154396337052043,41.93814020204762,1
56.830860333547164,3.8662862898041928,0.7295465320925687,38.28913313341693,1
9.367476782809248,-0.13118976824103268,0.9285547054106158,17.61527145188139,0
36.77158030594335,1.1770444543295508,0.8669470942120294,24.66887634375196,0
26.520236768172545,-0.8883636735041669,0.7081911533697085,14.23220099426057,0
24.398964337908357,3.218911689180553,0.8111552024300743,35.12826388372176,0
97.30105547524455,1.7113873468400032,0.5553757291454591,14.854876981944788,1
39.30977246667604,4.38521735867983,0.7486758696691304,49.43736674499671,0
89.20465551771133,1.6751402693775548,0.6263271137892898,41.22728298751449,1
63.11386259972629,1.6992720035628621,0.4329552955202926,25.609541983359804,0
79.48113035416485,5.6887387885844305,0.79121679171408,33.14255729117418,1
50.26370931051921,-0.566714476194819,0.6895252461441754,46.45367264865635,0
57.69038846263591,7.126054956727884,0.5510351073675139,32.163971215833044,1
49.25176938188639,6.670374869520633,0.9379374330550414,16.979939455918206,1
19.52429877980445,5.0102421490376585,0.3146538824787133,25.148134223246373,0
72.24521152615053,4.338994130966459,0.5210412058746472,43.72579460118982,1
28.07723624408558,7.03072248325687,0.33981697844435255,35.768520639584715,1
2.431596643145384,0.6679716157584301,0.836569121355139,36.02897537335201,0
64.54722959071678,-0.2892775402825425,0.7914752178796548,44.672859427539564,0
17.711067940704893,1.155591529185843,0.5319465531154219,45.75892229850019,0
94.04585843529144,6.151204508301713,0.7729640315449511,46.79170287117745,1
95.39285770025873,-0.6879675994616501,0.5771560583371649,13.793967730126244,1
91.48643902204485,4.245261515751407,0.8293776539957041,31.765040078524038,1
37.01587002554444,7.9589376457217895,0.6179285639156942,39.620380848732744,1
1.5456616528867428,6.701264844537855,0.5885958094821658,40.27707380508055,0
92.83185625877253,3.693011201392305,0.9543109408418107,34.268648078800155,1
42.81841483173143,-0.4272318164202189,0.47561536992349013,16.671493407346965,0
96.66548190436696,6.482361629471389,0.3843131379975958,41.89682215766658,1
96.36199770892529,4.390806573594895,0.7091801792816207,38.80445334059783,1
85.300945546736,0.034396973536101605,0.9785252685989252,13.445430861961452,1
29.444889206958567,-0.15528443658979418,0.5644874496090306,28.55239298697505,0
38.50977286019253,7.186641374929332,0.343425734540147,16.959095980872142,1
85.11366715168569,5.022802366442706,0.5375136871166972,23.499081828518875,1
31.692200515627768,6.4635811938508,0.6541521580236909,10.723243688227416,1
16.94927466860925,6.910810102540406,0.41334610464254956,26.01319473643033,1
55.68012624583501,4.1459511684349,0.7606715526395444,31.995076846248416,1
93.6154774160781,3.657017165795372,0.9984245723071403,34.78330371308347,1
69.6029796674973,2.873846692888912,0.6162176331870106,36.539613805148406,1
57.0061170089365,1.8525192901200738,0.5483099897111489,43.4516525240984,0
9.717649377076853,2.9113636477284057,0.5804929167841266,18.618516291029202,0
61.500722669916975,5.964916901571407,0.3806023248766408,14.819272897538717,1
99.00538501042632,4.417310879136184,0.9182915209983566,44.061486875917026,1
14.008401523652402,7.032709609593615,0.5903779588649464,16.264512595705995,1
51.832965236373674,2.9904201294126898,0.5710920879973889,48.99040325344781,0
87.73730719279554,4.463806208468786,0.761783191051332,43.70152917594548,1
74.07686177542044,4.681767977827898,0.6094233946517864,30.035064235583967,1
69.7015740995268,4.32527446075693,0.7537634281654921,49.25685699688101,1
70.24840839871092,5.323703957769647,0.34301240309155123,13.89506916432017,1
35.94911512197552,1.1369012153732565,0.8696063406055592,22.122630447004067,0
29.359184426449335,3.6112739979121162,0.9583527670155818,35.52897660162446,0
80.93611554785136,-0.06197677472487095,0.7541357703115701,24.00027473892715,1
81.01133946791808,2.460601948803313,0.9681961502011676,47.13490207923167,1
86.70723185801037,3.3890036175913796,0.4060026200589743,12.625043527112702,1
91.32405525564712,4.870018335909252,0.6341913326362476,31.976473282438583,1
51.13423988609378,7.554779473275831,0.7212647137618131,33.63465069580458,1
50.15162946871996,4.405859598935203,0.7072156531948306,36.109124951088965,1
79.82951789667752,5.692345245589038,0.5810232453623303,20.22664893327258,1
64.99639307777652,3.5563945354568247,0.536659086556383,24.582657100794577,1
70.19668772577033,4.706936282386982,0.38877681578529316,43.747221186599106,1
79.57926694361011,-0.36161005479603914,0.5742197153935946,17.797710758806392,0
89.00053418175663,1.289524227576623,0.41386257057383957,43.07471388693448,0
33.79951568515358,2.2566778388462483,0.814055973544553,32.50621691610969,0
37.5582952639944,3.2524401950586217,0.44618165484621297,40.48750044776328,0
9.3981939840869,-0.5891612904785464,0.3409957136991737,38.54429465053886,0
57.8280140996174,0.26021687797985926,0.6866562964720639,18.30045981539516,0
3.5942273796742086,1.491328770121752,0.7166608129035811,32.75250945735492,0
46.55980181324602,7.743794218109455,0.9103391428963539,44.7089261122037,1
54.26446347075766,1.9821230639274567,0.7038871286923774,27.284649472077174,0
28.65412521282844,3.338369523008743,0.541836597606412,48.663630808932666,0
59.08332605690107,0.7648794146455364,0.8621083170684243,28.08860400406872,0
3.050024993904943,4.497020639681915,0.6781952252311947,15.711425466715387,0
3.7348188749214417,1.5261489396437686,0.3554961992418342,25.57738720310693,0
82.26005606596583,0.862933205945841,0.6960953922192726,48.068096255621484,0
36.019064141126286,3.6491536560138114,0.9356129817951637,22.78883397359417,1
12.706051265188478,-0.9504478075562126,0.5774188378487544,44.723926394682515,0
52.224326005480435,-0.931023706156972,0.5074280613298601,45.25002726727559,0
76.99935530986109,0.97161928191672,0.400428619912614,24.00746097327844,0
21.582102749684317,-0.6695077374926097,0.4060118653547501,13.330306322025285,0
62.28904758190003,-0.027768212823777616,0.6029400390392732,38.982316366352734,0
8.5347464993768,2.0497458440487644,0.7169758769130706,22.46049196055944,0
5.16817211686077,6.223271116218315,0.3564307836187212,41.316944570302894,0
53.1354631568148,4.148437790323707,0.957698012317616,27.706193930417324,1
54.06351216101065,3.6140095336077476,0.8285935322116371,29.41066969370486,1
63.742990149820656,1.6413994088730948,0.7106367427985638,41.11637626994147,0
72.60913337226616,7.385783474895348,0.8799070696572935,25.294533242465114,1
97.58520794625346,2.573135371134725,0.35613072976847926,27.725093812916583,1
51.630034830119534,-0.21616509883805657,0.6337872144131871,25.047618750784885,0
32.2956472941246,4.5535986450602115,0.7410651888031643,24.693620611091198,1
79.51861947687037,0.024545541289412665,0.8800570342828025,31.037863076058375,0
27.083225126207424,2.1070082852152288,0.8484286920344875,42.35197778004603,0
43.89714207056361,3.5667074484602797,0.49394847479937976,24.470732476902633,1
7.845638134226595,6.868002722166582,0.958616118691443,30.970188821509467,1
2.535074341545751,3.441919223061068,0.38704208900160925,36.82909301770403,0
96.26484146779251,5.3203288942849785,0.9125935330348065,20.7775778521462,1
83.59801205122058,7.9353515509916335,0.9796581747232329,21.100912196095702,1
69.59742060936979,0.18340207908183448,0.42400746625583785,47.336525080938195,0
40.89529444142699,1.4725837296756756,0.8054462449426496,38.941382933243545,0
17.329432007084577,2.5511846803788174,0.3281998631445989,33.08746704893235,0
15.643704267108605,2.7964536068494823,0.5837959775974084,35.90880217682448,0
25.024289816459532,2.699189677389912,0.6613983094383717,11.171977724136735,0
54.92266647061205,7.168499023008994,0.7064516581367438,34.72411862246787,1
71.45959227000624,5.426293800201708,0.9551560737739917,30.380354928968075,1
66.01973767177313,4.471146926816334,0.7705754811059362,31.829987191177427,1
27.993389694594285,1.784354460765039,0.6368945658534659,24.376953073232684,0
95.48652806631941,6.414113457991652,0.8667725253861225,13.258955908517676,1
73.78969166957685,7.5955446033649,0.9653729746680861,17.73356934448209,1
55.43540525114007,6.390784542952039,0.3154463040776036,48.02978852850687,1
61.17207462343522,-0.9859140532767439,0.9877648905792271,26.34798249083736,0
41.96000624277899,4.727612331650663,0.36029249734457625,28.66732623323457,1
24.773098950115745,-0.5397815670210935,0.8700707454881329,12.10839159413756,0
35.597267865126156,1.318464983003497,0.4962343267859887,11.502649181759224,0
75.78461104643691,-0.4642776968700548,0.3925257604277102,38.68725788187031,0
1.4393488629755868,4.43415907654449,0.6078989477996843,31.52378656484445,0
11.607264050691624,5.179309221433461,0.7507696056133295,30.348239368650667,1
4.600264202175275,0.030388742593145945,0.5666662915164324,19.724981216906748,0
4.072880231897013,2.454549947404815,0.3381957857978892,39.79002926519689,0
85.54605840110072,3.1061285805998784,0.7196227977611016,16.729463164339677,1
70.36578593800236,2.3214771958482494,0.9316822932774722,17.5973897464408,1
47.41738290873252,0.08922500436673753,0.5682507561630761,28.42848685393102,0
9.783416065100148,2.770530111687279,0.4514329443415789,21.451194484477636,0
49.16158751168324,5.760602430275763,0.6098041421529707,19.898519249325854,1
47.34717707805657,-0.3609310192007008,0.3338538977341466,35.809505782133265,0
17.320186991001517,-0.27837987326286895,0.8743413091361922,36.03886980874178,0
43.385164923797305,2.192941626523858,0.8784385676651307,42.98068279199717,0
39.85047343973734,7.475531404570326,0.7116003244007398,26.708342678919035,1
61.585009805221645,5.017153820506227,0.5471720222568726,12.92340364104601,1
63.50936508676438,5.108029610053083,0.8598483551120484,20.946655396858308,1
4.530400977204452,2.2572799175407847,0.6882809173518569,49.20021852787268,0
37.46126146264712,4.342947120876846,0.8781526159850113,33.850343009308084,1
62.58599157142364,-0.9088193437503096,0.7420211548081144,38.38948339204081,0
50.31362585800877,4.72486441768588,0.8490838312489581,10.29431318501658,1
85.64898411883223,7.21958252818613,0.718994095252432,30.728229287300834,1
65.8693631618945,4.513161215103373,0.5898987477509663,11.501146301272126,1
16.29344270814297,6.863287341197106,0.9705621019482962,32.76920848365792,1
7.056874740042984,5.515757499194844,0.6787796774151913,46.830833985443014,0
64.24192782063156,0.08502574763321213,0.7235626629783769,48.736765220016316,0
2.6511310541621813,7.122079765572575,0.45434134759032446,31.622107015556967,1
58.57755812734633,-0.40200540079802605,0.7379555525990935,28.328192210088638,0
94.02302414249576,3.8057072529298743,0.7001253546380606,47.80068376993976,1
57.5474177875879,0.279234114141119,0.42938687856291746,36.9443932798678,0
38.816992620652194,-0.8946405034218634,0.3417109681472006,12.595971181536378,0
64.32882184423532,2.798308341148751,0.7230515238003397,28.629023106699904,1
45.825289049151664,1.6553663688874063,0.8345845885452243,19.609800738572154,1
54.56167893159349,3.3740044441784267,0.6663809596454058,28.792172857947264,1
94.14648087765252,4.194798980610957,0.45874083772375196,28.21862288025447,1
38.610263780077425,-0.6063483492194738,0.7665653836851244,33.28579211258968,0
96.11905638239142,0.10702965611371074,0.35607400862672156,24.270819613970048,0
90.53506419560637,4.027781568053828,0.6092835933613682,16.570817978237123,1
19.579113478929642,2.0885061785539243,0.41435673087889413,30.14877738359825,0
6.9361300875165455,5.562561387945032,0.42912133574191835,43.20811537383048,0
10.077800137742665,4.8706248373274565,0.4416057644107425,36.56048912270409,0
1.8221825651549728,6.610439266909161,0.5706949399307846,23.534714637008634,1
9.44429607559284,5.2324354400230275,0.3358051439342783,47.42092091035429,0
68.30067734163569,2.8693796965113334,0.5784554086503687,46.48830284996728,0
7.118864846022898,5.056699601549892,0.6581952129802906,18.37393597536395,1
31.89756302937613,1.4784305682987666,0.6383059994764276,11.57670340481452,0
84.48753109694546,1.7568214890039142,0.5679488702821284,39.65234833403049,1
2.3271935735825866,6.10086643928714,0.8874026256495267,43.10441045396613,0
81.44684825889358,3.01777564761424,0.40172868469435286,48.71458263805421,0
28.185477477339994,6.185423064665173,0.6539877206469618,45.59345576353243,1
11.816482762165625,6.401801363014505,0.343428991869588,34.02139072825659,0
69.67371653641507,6.718061038951554,0.3498089752145368,31.202093568495233,1
62.8942846779884,7.249717122570866,0.7017060947739674,11.11364205050345,1
87.74720135270529,2.878866984619666,0.6962128974214746,19.866257873791113,1
73.50710438038858,1.8698013648902494,0.9146234589911197,28.384590069317056,1
80.34809303848486,4.2397887193470245,0.6905115729620512,35.14015600334271,1
28.203457257130648,2.3405518109386483,0.9718537142833952,32.290073332736426,0
17.743954377972283,4.4096675012020965,0.3340863938799508,39.70543958726762,0
75.06147516408583,5.350272763794422,0.3686053793465187,21.190677235481633,1
80.6834739267264,5.195645166429232,0.330846103099267,32.59810430609893,1
99.05051420006733,2.370975983181092,0.429693795233478,13.525689735631685,1
41.26176769114265,0.5017418152887754,0.6788890776591746,26.54662094332828,0
37.201808579278314,2.874764046159868,0.7519005269991996,40.00643331818404,0
77.64129607419969,0.2833472967371786,0.33190961056406815,37.73603413716176,0
34.08035402530179,7.0108733166542745,0.9621796228919195,49.62570948688716,1
93.07573256035647,2.1128971466407167,0.8895157636552666,21.11564503951024,1
85.84127518430118,0.39013772500991406,0.5076287375099652,29.927571966959164,0
42.89940273750184,-0.7709701608482421,0.35403127115852756,23.181216550959867,0
75.08710677914974,4.8124014765783585,0.41892095125334006,27.62412456236699,1
75.45428740846823,4.732120857092689,0.38886108962848087,44.278005194775524,1
10.31238688359326,2.065437499231625,0.3862986455092628,37.368363007539465,0
90.25529066795667,-0.35459300037114094,0.6629931820660138,45.29764765390327,0
50.525237244785714,2.6866600540570884,0.47209320974538016,18.140444333275457,1
82.64574661077417,1.800957455570542,0.5506978015704012,44.93444471365752,0
32.00496010306117,5.094085757615084,0.9926537333690257,12.390490967135378,1
89.55232284962005,4.452013245074213,0.7790199742477413,45.543971217486096,1
38.92016787341631,2.2813435537778597,0.964286466932901,23.162951178429118,1
1.083765148029836,0.9610329882949109,0.3997895885231809,22.58350533656266,0
90.53819764192636,7.892323695400327,0.5674976323827985,30.483543067946556,1
9.128667678613356,3.086014590765034,0.688312262297648,47.62760750892927,0
31.93136375904149,5.194468122022133,0.35373064332211657,11.911254587256215,1
95.0061967050805,0.264976708205247,0.3029312105395705,24.089239002829814,0
95.06071469375561,3.3703072969345804,0.7693040336578423,44.262879547333426,1
57.34378881232861,-0.7521695211748106,0.7492736617610047,25.84217909741867,0
63.183721216979926,3.5490960611940494,0.5875521669997281,17.966275903882682,1
44.84455219783198,7.67615666405932,0.6427508532224229,26.99176725325647,1
29.321077169806454,2.457860416872202,0.5908101004144627,25.42210005966677,0
32.8664545369916,-0.6490358868257957,0.3168035313914222,46.61664805866814,0
67.25184560770384,-0.7213978817259082,0.5347601243522236,40.47737502972389,0
75.237452943768,2.4918808395218255,0.42395757877810286,30.204622229760254,1
79.15790437258485,0.4402244281687464,0.3688969323709581,49.534822668862844,0
78.96181427945538,-0.7898311330463268,0.9697043037225448,28.61110125103693,0
9.120610304869036,5.805922525551591,0.719551807529516,12.32951323281101,1
49.442030470258146,3.126707079937016,0.8100593989656217,20.490972872599396,1
5.755876001664428,1.603202947753891,0.5207546202862823,27.442819208772505,0
54.95288823237355,7.100748647148327,0.5752029906458106,16.276104965844805,1
44.1530501373377,0.045250641804730485,0.4658467957277064,47.90260505296172,0
88.77041827582998,7.603269460597874,0.3678759696757973,40.67395591271092,1
35.09150125520787,1.8257004563961754,0.42532214620910863,20.731488017110905,0
11.706701642760587,6.995633050778131,0.85825983170754,33.632181340716635,1
14.299168205283586,4.426485888315154,0.774282063628643,38.85796628438288,0
76.15106317174723,6.440366237673387,0.6828502131898337,47.65115715627192,1
61.82180633162611,7.856118468894179,0.6325629110067377,45.26541396701643,1
10.112267612279025,1.5956489403687115,0.945703998559287,30.60768904552855,0
8.410680611499743,7.650219368668337,0.3509144634450679,40.986104791720706,1
70.096913145912,2.5053370541217834,0.49642056926654116,32.4857901531034,1
7.276300636419353,2.469607142632301,0.5449564974994998,32.10815560182161,0
82.18600592903562,2.063483938290551,0.8476980685489515,14.589678333527676,1
70.62422271564962,3.8726684661282667,0.9947602341133799,15.045506320646084,1
8.134878064189976,0.38730538860638397,0.46846936033000713,31.1813446008983,0
8.483771408519193,3.983403368222101,0.9120151338959563,20.754461799160264,1
98.66395785011754,3.8753433116900364,0.8814359323022538,10.841476098418745,1
37.427079575612034,5.85711631344383,0.4572601783492366,38.913568156008495,1
37.06421470668909,6.50284965743827,0.5795328061394558,11.299463867606597,1
81.27995672575025,2.9639721528118166,0.5867710085047633,33.81107364416218,1
94.72485773838586,1.7209992441634436,0.9847544679685907,31.567751765092574,1
98.6001063822871,1.3340140758538501,0.4266243309652288,48.75258762311218,0
75.33781852589416,0.7516145303438475,0.8594105797733473,29.368525573905664,1
37.62595855309158,-0.48117176020877606,0.5339348999211769,12.544057455111894,0
8.350071669866876,2.08203180951242,0.8116092420433123,32.06751871225847,0
77.71469159274368,1.4322292291770493,0.5940077030069639,43.64384682464406,0
55.840424973580504,7.697756472797666,0.7048518341815779,49.873971371257596,1
42.42220092469763,4.019379436250396,0.8828282413282917,27.2137269475629,1
90.6354385094736,2.125493351274568,0.8629158954887188,22.8119496998697,1
11.119748230615134,4.224208408943264,0.90649622847779,46.26613187807996,0
49.262510429085914,0.25277031211125944,0.34173212774126127,17.649685163044854,0
1.1353644767419069,2.9963937428198264,0.7844353871278213,34.61715660131706,0
46.86606419941263,4.636108892789575,0.397991163705234,26.22857696723791,1
5.630327568183735,3.4000804861320626,0.5910729976128877,11.643294598222212,0
11.881791626807193,2.6160092058889184,0.6840118905382819,23.89153897222791,0
11.752624677710488,7.944635500097284,0.5819176393227815,20.609140900106983,1
64.92103021160635,6.922832859340343,0.6637281730621052,37.44364615773947,1
74.60448792654233,4.610653623434961,0.9975684161590332,47.95161990767673,1
58.336876509715964,4.124396250640545,0.39465211959899826,20.72188749514551,1
96.21725484745419,4.585944318421257,0.7728192317354978,42.45863756606727,1
37.48705795237041,0.8118089704018994,0.5772006764699307,12.214392677536381,0
28.571208628186074,2.5562396893788675,0.3931068592351301,31.524840401592527,0
86.85991281894603,-0.6448642039819061,0.41111573436201665,12.822002548395783,0
22.359583851945263,3.27991433738144,0.9644911743719318,47.36131964522557,0
96.32225394406113,3.887221255618969,0.9157210476982334,40.65405122229561,1
1.2154474689816341,1.0497476249288864,0.9349293722905152,36.31799644818369,0
96.98788267076391,7.676259624489624,0.9940729430791706,42.95585526498657,1
4.315991195057611,7.1850914984351775,0.44582077300596257,35.900791822806525,1
89.11431136980711,5.499289119103153,0.5488075361548432,48.75777588697164,1
52.77011090862999,3.8004796588882632,0.7684533209474067,38.55831791459086,1
99.29647961193004,6.829722436829164,0.638661777902453,46.98634438328987,1
7.379656473539886,0.17587109441116633,0.5928726733648334,30.68527568042552,0
55.38542844013208,6.114588148473965,0.5504678745349152,14.682576519274505,1
96.9302535619099,0.12338732570163469,0.7156464423604165,31.127108856920685,1
52.30978441701488,6.147895962944649,0.7029154000480573,15.074913122523732,1
62.93986381352625,1.4819081142622128,0.41302048384496803,33.6997391670562,0
69.57486889846172,6.8938152291637005,0.6302178862629073,29.299722421106516,1
45.454106476777326,7.49637884442858,0.6874302433468948,34.903015913311265,1
62.75580800840635,0.3391637246460406,0.6992008571119732,10.401879242193264,1
58.43143119231002,3.1640804455885414,0.4470750350386462,17.793619666214564,1
90.11580104909889,7.828886403464166,0.8195899745766007,29.653217276485236,1
4.5446380341457875,3.35066692375832,0.3176393663747487,48.02014246356539,0
28.096318959223034,6.771927702630906,0.5483822988802138,25.344361614206335,1
95.04114840765587,4.298583699181878,0.8461488539749433,26.974881042145388,1
89.02637838909163,2.377969171276417,0.6947250447387816,38.587843560264886,1
45.56567527857129,1.5720519997328317,0.48281370275760216,34.15171029144472,0
62.013259780153675,0.8290078197747854,0.7864671835401333,21.95704600393333,0
27.738118298113267,5.856183722399275,0.6971736609092514,26.43265582269711,1
18.81211597237613,2.478864561407251,0.8573705266194709,18.707991954289298,0
46.36984049399822,3.60147915980676,0.8145176303328763,48.640858365208345,0
35.33522280260528,3.4309293200106374,0.7270755454253642,15.225375262294389,1
58.365611185087204,4.195511263098181,0.6417243727175698,24.873471382656778,1
7.773463696498483,6.79019431062097,0.39322748796726636,11.033558888800448,1
97.43948076661665,7.826654092250864,0.4829331125197686,18.871179677341857,1
98.62107444796028,2.6682578771643524,0.5933696310419596,41.2188455352062,1
69.81617140197451,6.447670298956727,0.7195095009044721,18.047009291555177,1
53.60963663441204,5.8807501518924585,0.6595954986507133,13.202536101158625,1
30.952761628632775,4.1617605631001595,0.5017291681716707,28.97812719378093,0
81.37950197069486,7.604424292507398,0.3045250504527974,10.398769389380739,1
68.47311725538793,0.8042706397556252,0.6473674553305697,13.390646177053327,1
16.26169393448913,-0.01662210721340729,0.49993819199357015,42.305034782519,0
91.09271844938425,6.6856577025987995,0.8142258104973745,40.85893379438426,1
82.2537242923169,2.9523483497037346,0.31676238568933845,46.60555281619584,0
94.9799913291924,6.622719687863544,0.7093794679140536,44.18061743642998,1
72.571950838836,7.037811846758734,0.9590319662542457,37.327022529592725,1
61.34151959357899,-0.43788165742835705,0.4220864869780496,12.093314292026513,0
41.82430362906189,6.951182866874547,0.6301546435254167,41.3139447194663,1
93.27284833540132,3.0348714983248,0.3639953942719967,43.820432433622415,1
86.60638895004084,3.59389240103809,0.7379773385829468,41.96328583087818,1
4.521867010618941,4.639332599838892,0.6853721764173579,30.339161412321044,0
2.6366974497252005,7.33744346057078,0.5851558669489826,19.316073545979265,1
37.64633668780496,-0.8279551501321237,0.6649639150316189,43.81319902754907,0
81.0553330781833,3.291591214860354,0.927602260928307,39.08651238960554,1
98.72761293149445,5.189498381875046,0.4374060116177469,49.23044697555406,1
15.041689110352818,5.5043626192840565,0.31579515819374304,16.227703910237317,1
59.41307153521351,5.232791883833972,0.9031654192893706,19.026583322082203,1
38.08908566310215,0.2099161646730967,0.7039819576715345,18.471925995260108,0
96.99143978146031,1.694560295345131,0.9234609188232896,41.70159070485347,1
84.21189231357087,2.2284397287531212,0.7178616563892208,17.47629185800473,1
83.83287047111378,6.239934869115545,0.8671127629717916,12.666393192932244,1
46.86931597949703,1.5088388517309772,0.6007713543486035,49.94243226342515,0
41.48195023376652,0.8963446748048285,0.8249019519017882,10.992688457805965,0
27.340707193070624,7.617032171342865,0.9391290268228991,43.40976240635462,1
5.6375496650927115,-0.9202304339787799,0.7004860746055444,24.614673662026114,0
86.47223762550531,7.980387701137804,0.42654960539366565,43.66461839031261,1
81.29010091300776,5.091391689716561,0.48815833052113866,32.184819648445796,1
99.97176732861305,6.456223695042054,0.439051203828184,46.065249179454405,1
99.66368370739053,1.6515745671157385,0.47279991931701304,47.047719456585064,1
55.543170560262745,-0.8711625009964602,0.5144908145457254,10.36392725123104,0
76.89874151805105,5.64082566705377,0.6885936507272319,13.016487039711532,1
94.47657298824281,6.507301373006082,0.7115941406246828,20.01434918283422,1
84.96473906774115,5.664285187581672,0.5985498230693027,36.772616654540066,1
24.734810174319765,0.28565258570754737,0.7307945458745848,45.53088786046024,0
45.05441353100935,5.7808513003127215,0.35710244792795615,28.39767805175851,1
12.915941515149498,5.920305038968769,0.36145176594071193,34.278924650970616,0
95.40510272587224,4.926864641030494,0.4202806222503609,17.539994111822445,1
60.617463445088006,5.895043395160275,0.6626542486282413,42.19867335526742,1
22.864280550346272,6.613292957099589,0.4497962750888195,48.69312445413879,0
67.17006844058567,4.522437028137126,0.49829908244480414,20.7439573165839,1
61.81282404578958,-0.20255757427288845,0.5802189853210958,29.793038064021854,0
35.81627180328405,3.3886502870048982,0.8683062868072657,13.444644420254953,1
11.355759219962902,-0.3011559879555544,0.3097034951390021,32.36546625851874,0
67.15731955927996,2.6678872792918775,0.7545651741656356,30.111337673867222,1
52.03077009037933,2.663958402130649,0.7682135717284797,15.777459366203104,1
77.23183917356393,-0.4059114027378258,0.8590590462496455,27.682648524723,0
52.01635011119934,2.1393848057253138,0.9529270573422193,23.36418608346253,1
85.21815003185401,-0.0010171108781664717,0.31409649426450287,30.873235012207573,0
55.190683877448556,6.2741168900829996,0.40764859385925134,33.42617341715197,1
56.093797153538624,7.529192233680236,0.9203199058391951,10.339823144288381,1
87.66536026583451,-0.34915172267855255,0.6209629935309107,40.44023931798222,0
40.3482866212397,7.596036865625313,0.6952134472534244,38.520571674469636,1
13.401522845064074,3.703189394030707,0.7641190426062031,24.65145544826089,0
2.8782676313338973,1.696091101584865,0.7753466231469461,12.11743742275273,0
75.5137255673619,-0.3082413225145284,0.9522182823215557,40.19730159140202,0
62.03095513534647,3.50561841263376,0.9978645921881688,48.2070064191253,1
70.40797680992236,6.1506399004167385,0.8041102226516581,19.606063840880566,1
21.296416150891073,5.363778295400284,0.5010548464436055,22.940984549481517,1
13.637147558676975,-0.5479658968242361,0.9158266816060405,17.3525155792726,0
1.4544665667881929,-0.3438834816888684,0.3344546401785331,33.077444933793586,0
35.058755880659696,2.6258595436937338,0.46175659701214733,16.193655785898198,0
58.991768685463306,1.6576144464314897,0.9281700022246004,24.247757738455178,1
39.22440450997323,1.0914589075044305,0.4793340601075484,37.88052055737052,0
43.747492202372904,1.5290404901784225,0.4544557417352239,32.40463932037393,0
90.41586944937484,6.231344689671961,0.39668770519817304,25.45850257311741,1
34.82554670233004,7.363052482686685,0.9013782303528415,26.809984072301674,1
51.39894891598108,2.645924250748098,0.6500407814337607,32.48443530492918,0
78.3653012741143,7.1549990191924735,0.7724252421379083,10.234589115486452,1
39.65427823212701,1.8934613112309377,0.46734646885252074,13.140394738144394,0
62.20867002278735,3.287932877094125,0.8306282947078516,45.250322710520464,1
86.23637087467452,1.0342609803439977,0.8320038814734689,13.11515956365163,1
94.9520623657642,4.7642843795825955,0.51881861743581,38.27214384842021,1
14.707348092903793,7.810830036573281,0.587477843107198,46.801526564362106,1
92.65876251614944,4.431437864390408,0.44678319420114054,20.827344172069246,1
49.21162930795382,2.22032675702194,0.983592716326033,24.81965748238057,1
25.824438829895836,4.830357013914755,0.7519218039408881,32.75685623378865,1
45.913575623826134,0.1062861061884881,0.9541807165008609,45.268358785543384,0
98.0032575285477,6.9979317223885875,0.5123698805403932,47.67622349041681,1
49.26180939928696,3.5277555570185273,0.8473236390978227,39.582529924450725,1
32.875161028750824,3.0441476783567785,0.8361010507193194,13.464790434187762,1
63.34008543167258,4.272783096081673,0.7841589563065791,36.76616622139403,1
24.014561877819308,4.623054765104622,0.9759472826867603,26.41214887490648,1
7.586332810866391,-0.35401774396138275,0.5754887352744209,28.828039979642462,0
12.887972191064922,5.143554991010622,0.3915021265128301,11.965935613807082,1
12.804583895777244,1.177385122839766,0.7701962014708426,17.642485573854326,0
15.190269351229436,5.4255736925593085,0.8105168603340442,41.62054430134591,0
13.882717264941014,6.402813149457771,0.7025424014211703,28.15835332191439,1
64.08747448032146,6.235626567972683,0.4447725251933774,22.066489665245953,1
18.188008439914483,3.972508706671002,0.6531191591685488,25.360762958598325,0
34.56672833238632,3.68152903079676,0.5185328155983906,44.17598053302721,0
89.67884099060119,0.28588365205470545,0.5992265697166823,39.95996069619828,0
47.39616402628724,5.978115353628221,0.7516530030912647,20.89261588724331,1
66.75577385210272,1.4426844240204293,0.8216503198835841,14.700073608494932,1
17.231987120162984,3.470258805361519,0.4625572836309402,20.079928865762867,0
19.228901880867078,1.5584668363476504,0.5837277524528672,46.83025804218935,0
4.086861626647886,0.20445526699723837,0.4884130996941404,33.26355351399022,0
16.893506307216455,4.666019272025629,0.43904212970330836,31.339208349791313,0
27.85903390319586,-0.5110116865938655,0.8483710539970868,33.85574398769846,0
17.70104842767468,5.7378071071358,0.9364768861058947,24.641130629860612,1
8.87025337570556,1.8582811573500502,0.5591625299792037,42.28428081278051,0
12.06358711006008,-0.9987877629596321,0.8258952470616368,30.931449972009993,0
46.077876803272574,3.6001622531350685,0.9278967025550877,14.66991611075182,1
20.63337184057925,-0.5783328232515719,0.8922869473711621,15.162604993162518,0
36.42698610480755,1.4855260203880953,0.4279693719774581,31.474365860104733,0
50.34172708548569,5.362788387101445,0.9694043170593529,47.462808722833564,1
69.03948286293652,-0.4357934054032072,0.5636735083006237,22.33408486704795,0
3.9312139841098936,6.554046431204021,0.5374684628216854,44.78164675436873,0
79.94103989090426,-0.965620696072752,0.3437019290944462,40.563823463155174,0
62.79003894909078,1.2214148228171204,0.640321557873418,19.912497716276274,1
8.17590319488719,5.668136505368643,0.37630953094865005,11.453629932649697,1
87.35786241067773,1.8464313475637608,0.47397787464919816,14.07389060569531,1
92.08724005318132,-0.08296850740587824,0.5218598352370969,39.13975735389761,0
6.107795985486375,2.242105269203851,0.8661784264441788,17.986789521625866,0
27.687764814720374,1.4335395774607296,0.9128420552771275,24.85083682021575,0
80.62012797930613,6.584407119444994,0.5117264222230288,30.067966640256994,1
74.82596903836584,1.8201312582662883,0.9010886848712016,39.018726738006514,1
18.45210193563773,6.100392245984065,0.9000616561588537,14.529248930365014,1
20.93493233367103,7.026849303296613,0.8352556652694114,26.25465621109846,1
37.0472102791382,2.9043567761887656,0.40268657981062705,29.402916365707817,0
48.45229851910213,7.189488294689529,0.7832259928305103,31.633082558861588,1
61.825477153029595,2.3958624856687356,0.961516845206398,42.734425655808664,1
36.891363956977244,7.676705748410974,0.7777783351370099,16.867127801728678,1
46.25347161331479,-0.19639427926984365,0.5321317943754837,42.313258073064894,0
74.74709381337566,5.183173398529185,0.6504055222015819,37.715137107866084,1
3.66832028905979,3.4443263641123583,0.7520075303457374,32.23483256795838,0
25.243694434402077,2.4888392491008235,0.6573992861099525,37.981114816102874,0
71.33495858845524,4.694406908737408,0.38396705921167884,26.480709558066255,1
89.52068376871993,5.334713824708981,0.5184448312564145,15.535903438724983,1
51.167744211566614,-0.9607305731472182,0.8616772213875428,36.63060961061469,0
53.211348526531566,0.5025777987247886,0.9029926322668622,30.986892267424892,0
10.717201133977605,5.417414455708868,0.39611002290089914,35.57499202171102,0
44.741236682345466,4.997468722203858,0.9666707266791073,23.5199512411396,1
53.261726645502314,7.694427546158096,0.5301758324940264,46.27466309359343,1
24.247050363472965,5.849340112257047,0.763619617111504,33.49479474302308,1
26.924323094938096,7.5569543695820425,0.8262776021696767,13.416099371634953,1
37.728416310462265,5.322864513813263,0.8683623642465184,27.99215962817715,1
2.007119777772637,1.6824698777549885,0.962024791558151,40.25424218974537,0
32.20791655831783,-0.05171569974229173,0.5190436836201758,41.7653824692909,0
21.144800699654464,6.03641477010442,0.9009545181860881,29.78388211055035,1
32.74973521779147,4.797342993283243,0.3921808324053449,45.78990283325204,0
11.976213181925122,-0.5663258884603339,0.7935286344475149,20.706737487771903,0
89.0527280739895,2.240454193108805,0.8193844106597901,26.423947889530663,1
59.359245355404866,7.611198339358575,0.7744062688409243,45.943876422758805,1
67.91023191444896,3.503610311391811,0.4766203152946071,45.85026865886316,0
78.91712386073382,2.8945622241773417,0.9111302029106423,37.428510752987236,1
49.84421989290573,3.119296446433646,0.41820092435927647,44.359221884888804,0
8.69202880874237,0.8799445160464736,0.33754435406458155,13.550930678249307,0
53.71065418185478,2.318364537783157,0.8022254934283384,44.599799048311056,0
58.68411180208791,2.3283193038845895,0.6328330006629135,22.82479626200907,1
74.54394741843299,-0.5288048183127484,0.8943686139710731,17.133260497128653,1
43.16595462296794,5.908108656661264,0.5683779987407812,19.574793453681853,1
12.758030279556376,2.748539887134911,0.417795011955399,26.718740320555483,0
28.377590579872447,6.3996189813478095,0.8855095347289088,20.047680184178688,1
36.30822963986351,6.653132010079059,0.6842367421480502,22.82270344065996,1
64.59172413316013,0.9079464922879226,0.4324370546732484,15.399139442865684,0
57.077830466891186,4.916181339531157,0.804268799010512,21.84707062235994,1
35.60967258978462,3.250536237466836,0.6577795469426504,32.891352581680046,0
98.65152487929797,6.921410641293366,0.7230190875682239,27.67414832364256,1
60.577481935688716,0.941666112588087,0.6226288367446073,23.868750449436448,0
23.72267917359945,5.100318802790398,0.8800962886726045,39.85808515428456,1
10.178247262040374,4.469769100274503,0.8806939009781349,45.740398855732714,0
15.285913918433202,1.6577132981464953,0.7965721752770702,40.27156891609588,0
24.595772838450813,0.2294081328605535,0.3737809641775236,23.28002808470717,0
16.06813732595557,4.8647578442954895,0.8871977033328482,39.77768671350215,0
18.656702405130577,5.647377123190976,0.7697090863730368,16.079207298962046,1
28.50951686938471,1.8406460938701499,0.7879169162030096,15.212719523651636,0
17.33735952947548,4.803493436200824,0.5540879882827101,23.825081481446357,0
89.67654246264252,2.5561781685035294,0.9154956893099047,42.30809476176228,1
8.023374566164222,5.41886194954356,0.8077601201644002,19.853929889692076,1
52.451138957025464,0.7929374740464779,0.3788133265704361,12.530136355947183,0
41.03968269896615,7.01193502372557,0.5854446240843139,15.268381408254204,1
98.23786169086064,1.5866863681902177,0.9204662533720991,44.34979874118321,1
11.203890216805235,2.310073889805376,0.3330376911881653,35.351331389891506,0
39.785559904574164,-0.47717243127685194,0.9729916337494346,20.12804653479907,0
96.94704332753689,0.0036099108914875444,0.7754137978236939,32.211833013127254,1
86.55071258939803,3.642757124410953,0.7419631843503636,31.103184897014017,1
81.707207094928,1.4083340905517434,0.48939147954159395,36.21743913762645,0
25.790282704493983,6.519322031679749,0.4741542521174239,19.32750217686465,1
17.088758739006582,-0.8677595021054154,0.9594407536420169,44.576119487775905,0
66.8643219924431,2.4118464380474256,0.5087907179638859,22.374742483200514,1
92.93759891275857,2.036109920921834,0.8428537077032996,37.765266159049474,1
55.67628930139298,-0.8260513217415907,0.5751852587449553,10.644985854888596,0
57.161268946989985,0.11931559100459199,0.39747784954929277,24.90628519576589,0
27.997909366028416,2.722784074267717,0.30750070838675125,24.06839271835233,0
76.94929331919369,3.43578126002702,0.6809801359106755,31.73937714332058,1
18.704374855752338,2.638607725293822,0.9830451729842529,12.90945047108786,1
32.367923640424365,3.778439105708845,0.5583953356664431,41.60525494904434,0
42.54364386164168,4.356185074151134,0.5500346337951314,18.711232070702742,1
50.7610378684455,-0.9106856098494793,0.5408641324946094,37.08151259528041,0
24.240973241508023,3.176856435081535,0.6643806861134008,42.12848492976373,0
11.483682473920354,7.671493167988295,0.6084654183970055,32.47507824966053,1
61.06200424416326,3.671290521165939,0.9159402387089102,39.63532826887942,1
28.863055324025577,5.097880407130579,0.6538645542064432,36.47441248860022,1
58.123822142261226,1.8067747212519487,0.6554304867319981,24.221191886080305,1
15.436271527420232,5.965922403374863,0.3968601163043896,42.354341561342615,0
48.114010185481746,5.956293336885036,0.9879176786372701,21.788054795421118,1
53.258943255158584,3.6916644288872504,0.47498102360818073,32.848516710060686,1
5.182353682242691,7.784124409512922,0.35135484722172183,39.815909565661585,1
33.660427819392055,0.12995193286388051,0.764202374282646,25.158236392500303,0
13.441467693897424,-0.8474710159937711,0.7167564591098108,22.110704304697002,0
6.337497047276774,5.931423905813864,0.590601957794922,28.373840406912908,1
98.99602323899452,6.264399836283943,0.5955345637164746,42.71853977396614,1
32.235384497472296,0.08186506208518618,0.8495447447325017,47.19687052582659,0
80.98744458546349,1.390245496627455,0.4369988480697543,31.803336514395607,0
25.464065476376383,-0.8420287297003398,0.8741773232614227,36.45864821294607,0
68.15027222239293,1.639777497025082,0.7541229797265127,46.13094488955657,0
76.02278598896865,5.958276865268044,0.593278841645667,13.941874056517696,1
59.56387406078443,3.6616447494132105,0.620620031608708,19.283143114646602,1
47.15761885501584,2.132860338514593,0.47965304503026707,38.356000250063296,0
41.18409141472685,2.3456536541569726,0.8264800328878823,42.949778476491986,0
34.88682665429953,-0.9878173685607866,0.6590123196136874,44.281161133223115,0
92.95291442478259,1.698204748087123,0.5245981799248904,26.604287074197302,1
83.06194077877291,4.8181286747413745,0.7172350810326651,13.573596091674673,1
96.50269106665125,7.767749994347215,0.9970141164359261,27.511259091984797,1
12.429722348554472,6.623547442855095,0.6046835957595876,19.229383608282152,1
73.08674752036443,-0.7876453181902379,0.9444839805450336,21.647858199864967,0
93.83404568210378,7.0870454420735545,0.5415117879471962,40.89070227350023,1
18.123306616566015,6.048785719687634,0.3383128948474901,13.021083441035476,1
6.6496267366777495,6.023385112138824,0.4429694744579002,43.10324869922808,0
74.11206492900591,3.1219618310321433,0.5930866003293789,27.106763432966762,1
57.44731131799119,2.5820476365905254,0.4537444500161983,33.8425572440238,0
84.1828776758272,1.7262415594987335,0.3001589267527789,13.586089249427161,1
13.97723766262895,-0.408746269410708,0.9405010764232691,23.494363134291184,0
79.52673118598902,1.0541182714432917,0.8907155878616502,13.58803676059383,1
20.162732004774455,1.2194327148022217,0.819604562040863,48.461748915244385,0
16.36559428657045,3.356693627391814,0.41747021695222003,42.29046597305002,0
16.426579793099293,5.726999659370246,0.38425450334699024,28.385310174258407,0
81.45747202313821,3.2642884555815197,0.3473233246306682,18.944101932946843,1
66.51972206962002,-0.47939995497555454,0.8068204321410448,47.33820420999409,0
52.30654247691193,7.620108208893836,0.9501655724815197,23.78386382907887,1
35.88304841235025,7.48451887184701,0.6013750746391259,16.43937726749499,1
87.72005408131082,6.066705888335676,0.3833984703972337,32.5265755381582,1
39.244510742263536,7.921951114077984,0.6586749745124746,47.75096481379264,1
81.65994394715771,3.9003409952023667,0.5441823352210411,10.153211620012904,1
43.91349085702184,7.664915152278855,0.5623774470449984,19.52499373015995,1
37.69444294249076,-0.31955463444924304,0.734931436908995,47.5379056164163,0
46.26797856696064,2.291126734352342,0.8031026792835416,16.84343867428648,1
30.13778741641421,1.0284314120608924,0.37742251921121256,14.529738065592795,0
74.76093801762511,0.7624977572084304,0.3249131615645335,32.80748863199218,0
50.27203900924791,0.26722654003408475,0.9960312118800003,44.47375293179319,0
23.22126951468173,4.60172277409397,0.46290984424088627,29.084392707757047,0
89.95745732745685,6.031896701725746,0.33768136743592136,49.78257026738099,1
38.38912213732114,4.204685594783246,0.43291273036714395,37.166867981519715,0
54.35528611139886,0.32266438629388716,0.3272704924439249,12.962996288417909,0
90.6472110964547,6.300113929401238,0.5742676262320201,49.71328526727901,1
62.42379959139921,4.723592364473556,0.8616812491159269,26.315769471207616,1
11.689804070836407,2.4934913551429596,0.5388711148304044,21.496101353819302,0
93.98321236134751,5.067172659824567,0.6109283848148566,32.31516734311542,1
62.770805307141785,1.3391448131854955,0.7729107414972072,22.172303672834573,1
33.49056146570861,2.1067298764478943,0.6562258490489161,13.458300284806093,0
13.927207266338726,7.257372588187913,0.9030119802149268,10.05713372316707,1
79.4025189270296,1.6145405510427837,0.9062249725320295,27.983334116810493,1
62.00727559285135,3.2298944134214294,0.30693748684380756,43.47453688906369,0
53.34610919763215,7.0112702365641315,0.8446324145382393,32.89260742520306,1
89.38925830509577,5.369492152407747,0.6225135201691716,49.968291957737634,1
78.85972112245308,-0.44017096451767523,0.9921883789125641,21.473865825887998,1
15.167487973275119,0.32572739851073296,0.6382624531128045,21.218202590402214,0
31.172206779554823,-0.9294256830527486,0.9908271617718083,16.389978409357767,0
24.848913981446575,4.678296112062471,0.8281985528440157,16.562543530613407,1
74.3946292572677,3.0290608286937646,0.4740234192293144,21.407463840401913,1
3.353243473577938,0.2084736581204798,0.6768764855008703,41.713601810941086,0
56.98896848713165,7.621407089510933,0.9944949476350078,46.23027162545792,1
76.24586857406905,3.7669375155105786,0.9002714254263466,49.00348678830725,1
87.67656367617495,1.1770396470160027,0.36815682565385477,19.291586163858106,1
34.20817487159075,3.505432140392368,0.7944603977669973,45.25190182456367,0
82.12573046720128,5.11658299461597,0.5419057101095691,23.13020357109348,1
11.063173695520723,-0.3138470382379197,0.30488758331624366,14.513621780675376,0
84.64522917345182,1.4723343354310279,0.5824366783188997,44.800997020806626,0
12.748866233198243,6.262689417955943,0.46432809520747986,35.444225385744744,0
39.72872905603673,3.136983833623951,0.8732084893643299,16.58923584324247,1
79.72953657795536,3.9191942782906537,0.5361314261920358,27.193250300520102,1
14.991742734877377,2.8953440198852234,0.8792665857676718,21.490307795082707,0
22.92513952326415,-0.6049005162129539,0.3004185571843567,39.471782748407875,0
72.22525683930662,0.49174801838140336,0.5154734050182834,28.13664922497072,0
72.00365365460743,3.009874748677018,0.46881565001543335,49.5711978042554,0
64.11476328852973,0.8826691886713505,0.46349715274802766,12.189799290383805,0
69.39484444671,-0.5501887420628914,0.34773063383582387,24.200610645449867,0
54.27244433475962,6.592846976466413,0.4309869892873512,29.276006684399096,1
25.179905890695274,7.830732762477043,0.6888846989199339,30.12534218993279,1
34.56959935039195,6.138285865970655,0.5039527509864211,22.63743289542547,1
18.159771680142565,6.6840642953420035,0.5921763476304036,39.16960996390272,1
90.84505613336283,1.1777941728534085,0.5638068162430319,44.98988293955899,0
58.339179476612046,7.6456427796187985,0.9131334474999262,47.54877207911452,1
40.08514167636399,0.7723313400808554,0.9337092993073608,42.20373507198105,0
46.20058036441327,7.562868293256491,0.6450698801591019,44.023207892263976,1
94.72833396118153,7.95337364569356,0.531109165220923,32.02181202479982,1
15.33514031160802,5.405505251714438,0.3747604928016545,43.03552905707258,0
58.62298320167972,7.8302935861263965,0.9673820155674664,22.140156365918088,1
50.5888678884466,4.125858016103933,0.3421588614302082,25.939150484368575,1
61.14542354346478,1.335876048584813,0.5083551942977963,22.67652055274177,0
1.8110183820840509,2.932962970990588,0.508646340819003,28.695493417917017,0
87.21239089441515,4.342048418409074,0.5242809002981504,21.423184649545455,1
93.21182824836124,-0.3422659417568651,0.4150007902906865,48.46445769017787,0
56.51331835892089,4.601089381555215,0.8482130016465879,22.513785120226725,1
69.66508238768922,7.83060053086065,0.38574850337619243,13.921781524437593,1
92.24993811772957,0.7109688480535485,0.7444346614072139,31.072686642016535,1
70.72386343133986,6.13335604659545,0.3866922186940722,12.283963137807055,1
15.253904291426135,7.171089144016575,0.3493749463150696,14.42172665234322,1
57.62883601668132,7.493314335381987,0.9366006525801136,18.775575567849852,1
60.67150463828559,7.641220439649025,0.43309013642309396,28.574009995285667,1
42.4130671302386,3.693136748493248,0.8748751081917929,27.330037292361116,1
73.64442356247228,7.795771171923533,0.681241609774995,41.98767448011165,1
93.43670147690149,5.81579186420995,0.3544995637261387,39.57898615536453,1
92.55685129067763,0.45504292613265696,0.9688137340066472,27.052731759628053,1
45.08393714041321,3.29210095821173,0.47287281689432475,23.348168303025197,1
11.323804584075525,5.464980578348036,0.9017517417468246,22.658751362459945,1
98.48411989623345,1.22606284237175,0.41816700404919493,40.95980349176036,0
83.88980864459342,4.765536651939986,0.897760017499297,12.08289624885079,1
12.466268120326685,4.999404311419573,0.3092601690337058,10.512865980424234,1
92.08418826173724,0.4642976942770929,0.6582463195986364,41.82177567706592,0
86.98963620621282,4.085767812074806,0.8386098055950897,29.08585503956197,1
51.88380571260721,5.944642198807469,0.9543568622449483,15.235245542143039,1
59.127543574492925,3.4900609808234773,0.9364414953445408,19.42263738378005,1
39.90027038701302,-0.8910719490150332,0.8737374086833514,47.3001581238953,0
5.476163882203133,-0.9186537782863704,0.9217339447629127,44.38011902499592,0
33.519724164590095,2.2132640957301097,0.43945378008595354,38.391402008958906,0
80.28534485980114,7.335746615886038,0.4989290069982101,29.289009213493063,1
0.4632023004602859,1.058091016432479,0.502277967444741,30.81294504765543,0
33.34991716911442,4.709273199845184,0.5639377517011892,49.00978141135835,0
39.81686935909433,0.9986828362398852,0.575324469269632,48.63081775537148,0
53.73956029379229,1.8950299069359375,0.6811887272582728,18.610761831433372,1
91.98556164127605,6.632378806413356,0.41191583435650897,42.444182652212724,1
34.634599436596126,5.559752980429522,0.7838726646501925,17.889706646680672,1
34.69532018962277,-0.14140650418110434,0.4172965775131545,18.541499115358057,0
73.75012481097484,2.8583181888779023,0.5172159374731833,37.04372136658307,1
45.221794088980715,-0.7374721271926198,0.6523415914243078,26.200043943501935,0
22.460482293998197,3.3280113194270813,0.857508393066434,47.261776284260804,0
45.24395161326934,4.9619061053096125,0.8176284632671091,13.560389395840353,1
14.085702037979985,0.06652361238336413,0.7518740494873655,30.461025632379723,0
17.63869865062233,1.5999644501824912,0.4090412824061191,46.74086121772485,0
49.83677727394797,2.5805296295194124,0.6829317419309044,46.164546419180205,0
41.89254495045479,7.275779221904447,0.3612125512599198,16.261168536629647,1
91.48459010681,7.939295138806676,0.5641542237576556,24.665508003858257,1
36.23938991166331,-0.5957983090394573,0.5894615712029714,34.76485600186785,0
58.05883502780434,5.849071311458529,0.32786800761202767,16.375795390856087,1
63.22642879195304,2.345516597621089,0.49179166962898024,48.72088688182955,0
1.3094456588333636,2.5321236760653205,0.9689546270865426,46.58997314910641,0
66.35373720167107,5.788384760123204,0.9675428254807825,16.678007161378765,1
17.803596686975144,7.265837889308678,0.5466289379767775,14.846218450439416,1
96.10703174694551,7.558357350522936,0.33017007626382683,13.416339312330612,1
14.866272775311295,4.194103274344887,0.42536645752972707,46.377746561465244,0
41.462412372702374,2.2140904337045253,0.574552455403478,17.74495239181843,0
8.534966807864386,6.087941772729013,0.9634457885784609,26.65139714177419,1
99.68742518459473,1.2590124493607022,0.3988393444760294,27.954054626080122,1
50.21950103312426,4.07666625950166,0.8344610905677485,33.9604417685427,1
59.53850173200438,2.2272061537238583,0.37607777756228444,12.869413749897,1
6.7076477388427485,4.909679663370885,0.9868803041738938,19.070344696020637,1
74.99604703991778,1.163590216041562,0.5671315493763944,47.25961547675704,0
20.990559309558577,0.7243365116134319,0.8426641772293391,46.33640429074278,0
89.80542894407138,7.264151780078933,0.5398137579677922,41.25162589622769,1
20.513964048200716,-0.0837668534541679,0.739368214011166,10.776049824728616,0
19.068772066366655,3.5536211696143845,0.4344112593180257,23.080270739844085,0
3.654966784809488,0.9876750466670803,0.40221471350787374,35.11834941371632,0
47.206694510999924,-0.649630330068993,0.9566448976976918,21.007608470939026,0
56.48411332626164,-0.6758306353771625,0.9423530945331033,46.383467802151095,0
6.570863942835237,0.5769959489524461,0.9212282581490177,35.355578473297676,0
77.55276166950105,6.8009331905540025,0.7378034151166154,12.876268692657824,1
45.32888347480276,1.5423086957932401,0.8657877478513947,46.36022355342812,0
52.439026932758004,7.554132535177661,0.34832585583796244,48.3106663270489,1
44.07627469382282,4.234600636902742,0.5343523293234753,13.10849673566902,1
40.0763060875326,2.929527707918895,0.5195921873300093,31.294409394452597,0
55.96403313082179,4.220799512025091,0.7449517253668292,22.134571288566818,1
15.52402459307125,3.6502854670364098,0.5491704414294483,25.713563059256096,0
18.19281304952711,5.828986283815927,0.40395474715057655,17.186048718213677,1
86.17856210135173,1.5424645937556702,0.7175269527894805,33.122884080496505,1
94.61154621336327,2.1774535244027216,0.870068744468357,48.31917412995563,1
37.330931627975296,7.046848722799256,0.5674864461219812,30.12290401086436,1
27.074467314355378,7.518108618353649,0.39258810056893717,13.316583255779246,1
64.39995432390158,7.033024047378271,0.43768173811897615,34.80005333909634,1
40.87341710980964,2.7750319456158223,0.46623831361856877,23.608919778050282,0
2.538635566034486,6.0232895270619355,0.5099283150961753,44.237007583651916,0
15.615259736619036,3.287021599709889,0.7499565493544164,27.387125932658808,0
71.59722288473975,3.4778586693149194,0.7206618391764033,17.713584357689825,1
65.89239419101514,0.8421209815155555,0.7872559030969274,17.6442249076458,1
2.709599250348349,4.320172729326648,0.5537513891720591,40.750567228846414,0
22.197216193294945,0.6752230797801313,0.8767983563159847,20.623503932294398,0
23.10747965880714,1.9840822916047438,0.44286136280903216,40.68933576636892,0
67.18927435987284,6.695271814579416,0.6283285232627077,18.235492430663975,1
1.9710537754364155,0.8636822828976971,0.8606571050790011,22.867454748052374,0
10.410858198457385,-0.3595754334391047,0.42611105341283345,28.619478897587975,0
79.99160853731894,-0.37893166648465326,0.37690417961854805,47.72783398773803,0
17.85446620543336,7.46706068452797,0.9185787773815928,47.26925699015298,1
65.27461078518748,3.5622839416565117,0.5400507639314371,18.274875016891514,1
23.81827810467265,2.684708646353165,0.7787090874363223,24.328761649722914,0
9.944139275934516,6.297907229071265,0.3177440229847569,15.975975538150893,1
24.317219099945408,6.522433351194644,0.7830328218866147,30.399403172539884,1
72.22669318556592,1.9897192980404412,0.5212709180828794,28.42330202778666,1
85.56964681062857,5.242562517264157,0.3390185975112092,46.03040649802929,1
83.02198645669915,5.940105342666979,0.726868933083682,47.200215111642905,1
39.71835296184548,4.891856181793591,0.46856267125122125,25.342695640291684,1
66.80851365706462,0.36435567320089435,0.570765069436316,29.66951772075958,0
20.498429541582098,6.882947751653513,0.3564065686005595,45.849449965845324,0
29.314773026101328,3.851850974624078,0.4030142757664617,42.26831230980246,0
89.63358185211197,1.5422518373300331,0.5085840648470906,10.146252453785971,1
1.3001923510736035,2.827053668939245,0.36283165039210996,22.8023825673433,0
8.550853085446807,-0.6618601864098336,0.9375783852804207,26.870969677445036,0
20.78862551460273,0.15080121100175803,0.3042329302287849,19.18865134732927,0
2.6532203873819715,5.8899207546427474,0.6387021532050179,17.98286463583755,1
18.143543508979732,-0.9998952872017047,0.386273220692786,11.511380263827187,0
58.304156096969216,2.7490924563406294,0.515375362634564,35.73478900279042,0
42.1424550592498,3.7025916297702963,0.9482416918727858,20.500411619326627,1
89.26717110769748,-0.5082902199912493,0.4131861872917908,12.093887137252523,0
81.7443561738441,7.757703466750996,0.9760826238028328,19.239172421122547,1
34.1817351697876,1.0351279812470473,0.44405606389259517,42.07655811344506,0
25.94234334312925,1.7377884767265277,0.8190962759267806,44.059567265861865,0
37.96924081672669,1.735482610295246,0.6826740854281181,29.322649807732105,0
59.02949425148078,1.073749959056149,0.9191351093177313,26.642826816347448,1
26.806364082287626,-0.9867356012231973,0.6877952788521916,49.11414774007127,0
62.4148907849134,5.564103146791967,0.674191453409416,18.022586383522796,1
40.941165219124045,7.701609498193568,0.4368206002578799,18.61437131418434,1
55.204718085198024,1.0186413495654056,0.4163605534361611,21.67468708145599,0
43.61265291353167,4.967424726230802,0.9415424057808599,16.910292731243494,1
29.44657595419177,5.677066942628436,0.5294867391950238,25.174623928167463,1
94.84533069621567,6.635828411814723,0.5604575784740271,46.43336907959015,1
76.36057941597608,2.803662773122482,0.8318765608998717,34.61391362514297,1
14.011317576645254,1.7263781507638631,0.5371764376959651,26.477861944490545,0
86.84679758979128,1.92765620620728,0.9664437126473018,47.37643178284859,1
48.743119824951364,5.413591997886615,0.8165494382991603,11.938569299032892,1
89.45522268940914,6.351015198550725,0.718200469801394,18.411047116074457,1
79.98552559473153,0.6345257098094239,0.9166266123813267,32.63554420407036,1
42.52135044692334,2.338469073419887,0.3347241358446379,34.622104927727165,0
2.24693083201174,7.11746177074235,0.4799438845324461,11.582300262504525,1
26.867735938494608,6.260241677252653,0.625525433954637,26.121550316285287,1
54.16342146608669,7.863725624862283,0.4588849776300647,35.96615859323491,1
63.347821982614725,5.788234337138727,0.8207336311115063,37.92282185613607,1
25.788768543320227,2.5387568092513004,0.9434456217376075,35.52559610065077,0
13.935607407282413,4.31574050595174,0.5966390839516463,22.82252897443698,0
83.4930236799299,4.949128288225882,0.5394928200783264,13.74080494391638,1
98.44021807035521,-0.29389765314588445,0.9730855124962963,27.084497856773364,1
52.56901823026858,3.900472631934786,0.6113967029792786,15.150177494722218,1
17.16792858483035,5.383887456253486,0.6423338803144982,47.90494634082668,0
27.230732651936897,0.5058917360095434,0.5461549106393337,29.00683464090513,0
1.8390676547466733,6.025685456830014,0.9366839311084969,22.690366974274703,1
91.4298806560499,4.253955024627005,0.6982688382972955,40.652162844756006,1
11.775108289014113,7.569996071278352,0.8335222110271512,29.917943703290554,1
57.651647551425356,-0.6181993161379747,0.8682647028456203,22.401360960498003,0
27.4055220687206,1.3879352379992027,0.5392943293420807,42.47870969563207,0
55.417800251579344,4.413984913698417,0.6035860319242661,44.68608604004488,1
65.14203883518643,1.6690392098533762,0.8939302420843851,36.92032665154708,1
82.97418037072016,5.42981747664118,0.5542787461730672,11.878576896306692,1
20.64212717606032,5.831047542697379,0.8557545934162958,32.652915206661284,1
1.0995828658480478,-0.07735632340172993,0.9586946258021058,40.53179647989126,0
13.688563006880727,3.6246901778609093,0.7362472611476049,15.460120483343287,0
90.00186418481051,3.580015000319503,0.8191391012163223,19.146830055384136,1
87.38900775625153,2.3235269319398695,0.8635681184287944,45.299804202725454,1
59.74131021703083,7.396323763127048,0.8915277542276496,10.804868874122961,1
60.051686043365336,6.4475568788589905,0.5765373364997571,40.10908551303904,1
66.50366745462554,5.274884437186731,0.3358844214231987,28.950931700576916,1
17.53712786234496,5.428939721614978,0.5813133898657177,27.870886353584275,1
91.44119459249598,3.1554452943180715,0.7716293608488628,10.283861299795486,1
41.87705248920731,7.288950689869182,0.6152452700465549,42.775929238659714,1
38.31385282494975,5.251358845279569,0.8242742056022789,24.392996025462658,1
51.89177052828376,5.560829554902348,0.5498877006280647,31.630625252021716,1
4.696596677505505,6.755218134086107,0.7443208987728207,37.092027453426375,1
16.628336875607943,1.4666443040797192,0.4304938633977822,38.10518305751663,0
73.80336164263704,6.263638134800327,0.8245586056514698,48.23920235304289,1
8.279866792512646,0.7571654266084282,0.681987178169118,31.253598129464365,0
60.31521094663882,2.1080775702039904,0.44284507198262035,25.988782038977103,0
24.534910968132095,2.0204940884285842,0.5043378214484651,48.148145059668316,0
38.929561404197656,7.806729215502266,0.8240260960072827,35.684409401020844,1
28.869373677069987,6.708835013731342,0.6378208649630644,21.926014251062224,1
35.567271646494916,5.310528754312338,0.4512220082751505,15.058569816142846,1
71.90459051842456,5.5435108545385114,0.9770898332592084,43.702180058607254,1
29.7121715623175,4.05865514962314,0.8005875138718215,24.487264111766063,1
56.64046402968972,7.5238160039766715,0.9699943827778572,36.418788854577244,1
47.60504021990997,3.466328775941254,0.5989735317522402,28.832656774635925,1
66.36711653626482,2.424659388829051,0.6325702384842042,17.957191191801535,1
93.6829739324758,0.4673180323843189,0.9285686513295133,34.0674643448186,1
73.25720972102503,6.075850870349522,0.6675345381717692,12.427322758027293,1
21.494037859075675,5.609995388680323,0.7950952383339669,26.53369839484769,1
3.1183135061284672,2.459195346717214,0.476521014246871,31.864597586546843,0
26.22640442998251,-0.7732592743669358,0.6127085280918483,27.44187896474316,0
59.507793070025485,6.550975949462097,0.38641490606724854,39.94688701003963,1
5.1425813484250344,-0.8972381489133373,0.4441860251138732,43.1169981818125,0
49.636624720123635,5.333298016661459,0.30066039068734174,40.84972296132712,1
59.68428489168892,7.732313987534514,0.3274855361540622,11.552517912472084,1
33.424389081696084,2.9389519533338313,0.9840986762238504,17.765150817838887,1
77.09122037458219,1.114760644963575,0.4696475865957336,31.464300370550973,0
10.65982531337718,5.343839090390436,0.7643174966528012,47.39288161775205,0
7.513778173580876,6.3541532781402665,0.8873697891597281,43.39827100208468,1
72.81887562036033,3.917872844700626,0.6854623214655949,43.70138033407207,1
49.549131620619846,7.7033174773053155,0.40720115005876933,22.128327750386994,1
68.84023964277361,-0.5349815050783501,0.8096815061353164,27.177915883148103,0
43.48273386037462,3.5431603847407533,0.7201759870697081,28.828237892637496,1
24.640203323910683,5.466085525902951,0.8118754125431624,16.294863333996418,1
81.91023176741997,6.763764240342611,0.8388226359999609,11.242725209778254,1
79.94158789689793,0.6133005071701105,0.9827872573793215,47.87611597842067,0
69.46964708544267,6.200031335873133,0.701494296018697,19.62850342654027,1
27.21451372299627,3.974363681466907,0.5391487788834213,19.59795614894525,1
59.023066686908706,2.568983137909669,0.753925189830166,13.335162150750381,1
36.09738969400268,0.18543525721184206,0.3479084964698383,47.14031007775114,0
9.158207332663416,6.787661830180212,0.9281781228251105,33.18948459759088,1
91.73135754622427,0.41545887361743805,0.38356670793673775,36.681474285014154,0
13.68186309189614,1.7880907328818934,0.5294899865200727,46.4630754905221,0
95.02373538208025,1.6104097876619319,0.8710217664382847,23.82480675603158,1
44.600577295795574,6.8427263077176885,0.7181186648314982,34.86029244552336,1
18.513292883861965,5.054326947880082,0.5755448641942094,11.551978189155498,1
54.190094737835814,6.170132574722351,0.631404961562515,17.470901129245174,1
87.29458358764083,1.254211089132491,0.8981831752415261,43.2498322035977,1
73.22248864095612,4.6238668964629905,0.5380030702419245,40.670734253533425,1
80.65611478614497,4.145713848293738,0.9087547793685198,24.025707658285874,1
65.87833667107174,6.49547339109444,0.36169410168368404,25.0724251109685,1
69.22765645178525,7.154783544331345,0.8437589060460415,31.342177342143177,1
84.91956515653193,-0.8905890567035187,0.8932833431383154,10.009640187405381,1
24.966800885918595,5.066179271529134,0.4272723569861371,19.649773441521113,1
48.942496364314046,-0.5334778079224388,0.6012425726605403,18.32927234432858,0
22.120944181960223,3.9397279856962033,0.4158498422645589,20.019317869990537,0
98.7668007996647,1.5886945613931038,0.7946228902959525,42.23623370133765,1
94.40593396866133,1.760989395699271,0.6747434376431597,21.18695426185773,1
3.94268113685059,2.176626531071209,0.7447263426958246,17.660852882005926,0
70.55751725156884,4.591632041446491,0.4375408768693478,30.170538431721262,1
92.52483174156659,2.006449691018923,0.44822210343669366,44.62580145490928,1
18.057534512733355,5.594291455312524,0.32904812785693444,19.653988153499995,1
56.79452305526295,2.640746470164827,0.5254472746370108,13.141449711711948,1
91.54882975880419,-0.38482119721037245,0.6918212629335725,24.256189433986588,1
3.394597858579884,6.053838582356965,0.9005544397981302,39.90607298259911,1
69.742026724684,1.571824921334354,0.7668492132210765,32.02762178779179,1
29.734900737255078,2.894901916393364,0.604777426379826,42.6717347829739,0
92.43961953765304,5.168994948997113,0.9671840800758964,48.38368590436936,1
97.10582451653677,1.992105414338408,0.8034716404030822,41.70649907006468,1
94.42664891134339,-0.4907290946795594,0.951115642003785,34.15212315375014,1
47.42142166574638,2.365289423115322,0.6693115812905159,29.73366352209522,0
86.20426509893134,7.50003724424873,0.4812329923551977,11.602763453930667,1
84.45493985350704,4.775609575687024,0.3369786804553054,49.37287915256165,1
31.910047324325564,5.043312338004863,0.8082593960386952,25.3392449030017,1
82.89154741506773,4.690539382738758,0.3849120986038739,16.089128556674673,1
3.700763471549262,0.7909292506349312,0.511942589790377,36.66835421585827,0
59.6269878482053,2.765004776920521,0.6727296355187282,21.371531563818372,1
23.000883728770305,5.758458185269864,0.6950916114458233,33.43113083724191,1
12.056688577727881,-0.08764392202156768,0.7204082378909952,33.47071631378365,0
7.695320162920916,1.5006749848074104,0.4163787312447904,27.829192836114768,0
69.62887758781397,1.4868719761926825,0.565816183375154,43.4447446218017,0
33.98749637680661,2.888170348350554,0.7320359589818767,20.59868246221772,1
72.47667715287615,7.823318668479665,0.9788732052436493,27.945303664709368,1
6.535634079894237,-0.39247707984560254,0.809341796389782,31.50768514363886,0
31.529033783061035,3.668308949425355,0.9458226299657704,36.544988830691985,1
53.949129237533725,0.614282138109894,0.8335484408199239,41.35887402022358,0
79.07231648389636,7.736088908687698,0.7142018782246803,25.792291315130242,1
31.875250293206992,0.019731542547177794,0.4344163583954411,35.84187776386384,0
62.58913764370091,2.632409021254321,0.766679956324759,16.024438122740765,1
88.5977748236187,5.6409648635114555,0.7363656961719349,47.30592402169914,1
61.58631881823046,5.340989852247008,0.7217284193200865,25.32235225684014,1
23.295947475363377,2.8045577320453905,0.6428501075917685,39.180856879057536,0
2.440078155653802,2.118717511574464,0.6700596227924929,10.813643275287106,0
87.00988739009298,2.578511406975835,0.5341097689826728,18.20748571619228,1
2.126941085038714,1.3784863684277537,0.6635188848496122,29.483301772943122,0
87.47016726841994,0.8479964483611981,0.43828913397493474,45.13009870929386,0
52.8937134027212,3.3473572780300103,0.8636220781522637,31.090205998027084,1
93.90676985128962,1.4168038046084659,0.43004386828909547,47.19481929175516,0
79.87832357736654,1.587154984075251,0.3594764029226265,29.351875863311854,0
99.79341105333374,4.910804571271013,0.6053722184500101,29.617963869437997,1
35.071181545171015,7.71683598529903,0.7608152076542433,14.789871540021275,1
76.71882889311269,4.432734805034376,0.6064017774534789,42.106249766088794,1
40.193091360924214,-0.3071847964153035,0.49372789236591597,19.8786164986825,0
47.98756203039088,-0.3197474753133972,0.6907198287233085,45.9844995748926,0
62.75054632183701,7.562808987610094,0.5429016347885399,46.432968813215844,1
87.36771141863387,1.6756171127660027,0.9530073830886432,47.73240447496599,1
98.40834691992951,-0.1713971252577211,0.9458515977225004,30.8092195641236,1
76.82734138645182,4.391401284353434,0.6516602739804668,37.08375139134577,1
41.77667821673337,4.612839004612395,0.5295187958127809,41.14063520246654,0
42.13570022770702,4.836543381068194,0.8159926897696472,15.240584746018623,1
73.75823015888915,1.4066182507178717,0.3256990604381466,34.03828779989989,0
23.877714576830233,-0.8640038420697247,0.6323383042305558,11.371916052132466,0
11.047411313139467,7.6851383250902465,0.5354263759892335,29.902643335549037,1
35.462215764077655,1.2580374112199224,0.9443751195717882,16.193707264809095,0
28.723899165408174,5.084236592472927,0.3084021190908778,17.31691703848339,1
29.630812045599008,5.3596688289083865,0.6869704130028443,24.60190266770406,1
23.360775104990992,4.490066753715372,0.8184645067466381,27.29748666866012,1
4.209318963636188,1.8161665479228342,0.6395125912668289,34.92689698128749,0
1.787393473341381,1.4398662838765919,0.3597821211139052,12.977136737540626,0
98.77223897360315,4.379014544324328,0.9807229730195315,30.147670449497785,1
42.77731337358623,6.794860702505224,0.6626073019632686,17.305005210124044,1
38.432664715968166,7.52060356031056,0.7299303710233079,32.959007001269676,1
67.96472826930699,-0.046847760366181324,0.4656268478952551,35.49618449044734,0
21.825388786506416,0.39345751337947865,0.6384486595747627,32.26837026211415,0
94.99611839502253,7.502626329047716,0.6004046443708253,39.5318204191323,1
78.6345014415552,5.628817055013133,0.3524270894013886,23.42436976963605,1
8.94110023122595,6.946944423467958,0.37431224748322706,40.604263665325234,0
41.75807757849284,0.8236937072180885,0.8862307637331421,27.310683268327747,0
87.91183075621647,4.288272839984617,0.46787396654461316,29.367379932903873,1
94.47320222914102,5.310256349757263,0.4364707900490413,35.92408509044286,1
46.74015112498697,5.121006969022754,0.6534380158750974,10.73433535996896,1
61.34113892107077,2.673365217800283,0.838122991953759,36.15976885680993,1
16.70339460920752,-0.8614459747782237,0.34336256300529155,34.743405962884616,0
99.11686261369765,4.246334511238368,0.7037655437467791,22.393884670131197,1
23.16717013834434,1.2779138526164786,0.3834473099884013,13.43177139597958,0
94.27317741351257,3.052288215286013,0.32552273557793293,13.637417996521645,1
64.96466489923685,7.618229135754357,0.3369207665135522,46.928949879409146,1
60.773679487885914,2.5913178587819123,0.883914875745909,37.57117284903349,1
51.26885110165086,6.55821445997984,0.3825807385396431,15.084104550829615,1
23.06698117177587,0.6968654517432602,0.33160595508860435,24.268926772356252,0
17.652803200550828,5.052144482225259,0.6065299210000386,33.69931975606386,0
22.048620907017536,7.793062589950491,0.8907954303594172,43.422868203625946,1
18.643826214425452,-0.08296209214356887,0.4836858635425113,11.746437148520341,0
77.95844735667534,-0.9251205199552719,0.5951988322681414,19.465325258800355,0
35.01252591667301,2.902245133693529,0.32794577279462583,45.5899596118152,0
5.784267656339637,-0.16637065253769523,0.6143549598944131,10.36662200735266,0
96.91026301408114,5.7354591470860825,0.7043291564459935,18.055964111755497,1
88.37858849634257,7.23093797463703,0.6996349376265013,48.36096703891864,1
92.77522831952129,2.9061887543788294,0.5326986845220556,34.536073860886844,1
99.49078226464353,1.3284047793989684,0.5208732264641949,20.466854665500257,1
17.38952492194873,2.909629871059488,0.3746365332556185,12.679643775833904,0
39.62420189026587,5.511030360650009,0.5567588244523878,11.127653617888885,1
75.82384757040913,-0.9185125457766612,0.36964626821107527,19.78980318547709,0
69.60206180537922,4.305085905362275,0.8366171612984361,45.25943278355642,1
15.389590633985506,4.519625163986412,0.9763920084237301,26.636546171900378,1
81.58331249906178,4.73919422206342,0.9790521196666948,38.81333476663972,1
22.444057183666068,1.1781987198278951,0.9055497695627757,46.73140141519831,0
22.38176148226231,5.426474510403141,0.7205545045377333,26.321618464112664,1
53.69744228934136,-0.17747662301401235,0.7906059880707159,17.651094841495883,0
59.293993484170315,0.7934330282012074,0.49964406187628985,30.68471723427678,0
58.00862078378112,6.897230419890337,0.7415392941208344,46.323347482394176,1
9.148683739775487,5.648508356539097,0.6189546846079141,42.174976565508025,0
87.74608626303804,-0.8762900138978927,0.6374121378438526,12.633193734526152,1
26.560004258870606,1.235386343328202,0.8304435922626106,37.70291200310327,0
12.951492128280417,0.9296583469384809,0.4973428489180761,32.875900898358154,0
88.87480798689772,1.4372569523327532,0.5226277281861639,46.29852705385702,0
95.56514982297534,1.2280379325189776,0.9472492537900457,14.89925667401189,1
86.21276172654507,-0.43726333831438835,0.33935700639568056,31.361444528186265,0
80.95160747248781,3.1304646493713832,0.6399440088893382,45.178507740475695,1
65.52419806390218,5.594601273075487,0.9389605602855031,26.40095146966972,1
55.08573706091393,4.4605855224569275,0.7272541054727099,29.27979670931468,1
8.698675991141014,5.055845017382718,0.6824849519484923,12.818427106678332,1
40.845321307069874,-0.2696573931738476,0.47482092546054866,21.125745617956433,0
37.2688517012314,7.563416391591085,0.5402928423451138,22.980265966757894,1
25.97537837603262,6.546426504587224,0.896433891063285,47.804897949795475,1
72.3420113688585,6.245812866460964,0.6914526922379207,21.306694421646363,1
49.58757350787708,6.406854245375907,0.6603195356297459,28.43474941078608,1
8.104621590764793,7.394394573194852,0.36970579947802024,36.85217694257119,1
22.018320194981133,3.8982856950232794,0.3112197095185862,16.487334896315097,0
68.32587636595959,0.802538160808633,0.9745796320809343,29.45769548567498,1
7.613085949030019,4.551052470672871,0.5638903171007892,39.541561579036305,0
85.12069140487687,5.685933443011451,0.722249143469653,44.67420852108264,1
49.51465270139743,5.6412565401862285,0.3558005512310995,35.05037098649707,1
48.0586577326648,3.6930412175019214,0.7781800000061325,36.76214061267792,1
59.24077846595176,-0.3838715259977975,0.9527966960941725,15.051338903382758,0
82.46809659251491,2.3400164458711505,0.7029656770981938,47.83105988985389,1
34.780920790219305,7.286899476170216,0.3882807256627874,15.302963099379294,1
67.80161525590636,4.260040187816834,0.7072050692314337,40.98691748727193,1
56.5731963995791,3.8449874893014204,0.8364430491732566,20.592652871132753,1
26.70282701694213,1.4196816294397419,0.584491575601813,47.34372574805006,0
87.8629986355158,2.31604027924921,0.9158864235590274,38.798381574779185,1
79.74260216069281,7.0581148023785225,0.754078067350155,40.152548519134754,1
65.84518346584255,4.998167427741522,0.9294742428024416,18.762366922395334,1
85.05817290942419,6.0864832407709955,0.7364537178731361,27.721599065406433,1
86.72942009598023,3.0891088076088966,0.39190158040337697,34.71252778357146,1
70.83629767150347,4.672224975105421,0.5167841977736324,40.79894472826403,1
83.7013328363672,1.2354524786888677,0.4412564637767198,14.158375036495583,1
69.74714616692836,5.349147472551376,0.9361785484018035,48.49461265818113,1
68.01407717603004,2.8484120033300355,0.8322800471012377,45.60882682218224,1
61.86113782151843,2.98290963333271,0.7734788582370042,20.813943619823373,1
75.27166395576413,4.843900921191935,0.5106764237421352,42.91040972129328,1
15.86051052930737,7.42652559322034,0.4288313404351495,30.732956921592937,1
88.08707591989284,-0.4239428805224117,0.8295157615922382,28.472259262480748,1
87.1843527745232,6.4226891361230685,0.6319105621153558,22.577364232456215,1
2.9247283034559146,1.6314479937097381,0.4580526865054404,33.238743465263695,0
82.58167505647627,2.9952750905574,0.7316353847156924,39.19556470814391,1
12.886986747344519,-0.8027800410249194,0.32823369649691636,26.43731619851033,0
33.51188542591419,1.7094147005088174,0.5283191778897774,35.16876772033169,0
74.35082562916078,3.523681183671174,0.6279898962137942,37.97251684621215,1
16.07598960483082,-0.4944153038730489,0.4035708338765841,38.44487268061144,0
81.79670241190622,3.419861564448486,0.9892581343135876,12.07864392524721,1
83.21341779577419,7.343995659725845,0.44636815521273,44.389912227402675,1
50.746773376083624,-0.05146103702975302,0.3912471910302859,28.330132590601917,0
0.638587171683358,5.879966552679539,0.44247441172082747,20.496643267848576,0
28.703813317491278,2.687039480383934,0.8383427932118068,19.670580299187264,0
61.69269183757422,4.896563430719042,0.5978539614902899,29.32056451375802,1
98.11861780274235,1.342129381867064,0.6957911578267766,45.47326157875837,1
63.18135270166684,0.4354303628722245,0.3147064098904525,25.133903267305875,0
25.98035810641598,0.4441635284410379,0.32410191600132016,39.98902987134173,0
63.40057030996113,-0.36557248921169816,0.6120778848789112,13.872749239488744,0
53.99853797158555,0.6708203441111871,0.8716586702411364,29.04226808604247,0
77.98453951511436,4.977974464900714,0.9196672150952956,49.667445615709426,1
10.698063882695841,6.935215506591573,0.36069459731694814,40.817512111693475,0
76.1027902502028,6.327131170320456,0.6768541714707159,18.42113953762452,1
54.12665786761103,5.166208788870357,0.9392607803954893,30.05765894791643,1
96.29920038589947,-0.006113229300075962,0.5715809280785205,19.34499054594266,1
34.187216603868606,1.6026870166635483,0.8806960819998579,26.38243709050037,0
63.26218931339481,1.7882618779022206,0.3935869580796053,41.203360949398586,0
93.20281055100175,1.249612517578591,0.954776142767459,40.84899261161615,1
10.250972799067926,3.6350509373875077,0.8259963222719118,19.124015116095407,0
93.72284872364511,3.819984333917053,0.958934074950831,46.888932726194405,1
68.78857223008133,2.211973776539992,0.7736320634867545,33.702727310593076,1
6.78370591051719,2.184102428627924,0.5543827523995989,25.19697163848058,0
30.096356694681624,6.4570003811547325,0.9567268207673056,30.077423231234427,1
70.81720886452815,6.10363563487717,0.4928967434164249,34.20285013750975,1
6.73506014687717,1.7701624851267108,0.5325207654432127,32.395621273831416,0
58.217046017627325,7.224095994859333,0.7905658926012182,29.456201421447126,1
34.588305695295674,7.575335153022554,0.8357214096677703,30.197312163576004,1
62.091551776747714,1.9406828782703673,0.9505824386944077,17.056476417115448,1
4.5742033812512854,2.1898245391374935,0.44336168633934664,42.50931617218718,0
87.15368061523763,3.550707380797629,0.8585986246534567,31.670412797640616,1
97.3488969177397,7.470087312803061,0.8169822373778743,15.243194468188124,1
96.88778552856915,6.886874898280804,0.3446561893775185,40.646284063311114,1
74.96518317429248,-0.0768883367476918,0.5710561988471448,47.29775913509403,0
13.008624013063198,2.534576689442746,0.497935819942069,47.89227596947848,0
75.82631959290225,3.9803407077479465,0.5131432970478212,24.76070929644691,1
2.458691645880151,3.5281922529638603,0.9880628156882905,15.42067494243016,0
2.2123551528997254,0.7447676114320341,0.7499441894359495,30.735985065322605,0
32.36102191495412,6.729350940513392,0.8023733104554496,14.504369173968827,1
48.864319040466576,5.092467046971536,0.9836323461205063,47.35949674050469,1
77.04074178077931,6.541175373666232,0.564041247720347,17.34318509420584,1
68.32953766065052,6.72887851414525,0.861288117916964,20.110634398046564,1
44.590270637674834,5.735202682991658,0.6041716743131467,26.265461075398818,1
27.362666628166586,2.952895411247456,0.9086735702704858,25.32657874236503,0
99.71245001577111,4.494920795138821,0.4264602789179122,41.78651569591556,1
42.6181302235973,0.44328865507768844,0.9633803239449956,28.252672822038495,0
45.13870243296755,5.062808757274169,0.4531401958876158,16.830730400133476,1
16.362382119166917,0.6132793016535267,0.5283543548866521,20.688395819442963,0
79.48095487499293,5.245546314591412,0.8293345638747462,30.36453540750088,1
69.36822257814886,1.0663834467857178,0.5756285990957847,15.898156697045396,1
22.07696127887604,0.057961701351979755,0.7257479637365126,34.46622702584057,0
8.238104561584269,0.487560411286617,0.6112014507485999,32.629892262045836,0
68.0499302074713,-0.9820707830283676,0.8196589559628473,38.58809265529031,0
65.45112142811352,5.468656560681772,0.4598318766580276,47.508184615174706,1
27.32595269982093,5.591609441525412,0.3409205910658139,46.490182444046226,0
95.08635622504103,3.634400149219335,0.5099505782311463,47.843024722753256,1
15.105789178090024,0.4522652094984534,0.6320160654079012,19.788623880948037,0
43.23348010426019,-0.24801096240379228,0.417614036534875,15.262612265574184,0
94.36159201675989,-0.8278393020644169,0.548358102759472,22.09106801985794,0
41.97273169261223,0.49173359268698635,0.579988112805498,45.80340691065258,0
63.85259476640856,7.017699814848321,0.3401742905817915,48.88213898493953,1
39.75943979627943,1.1738315753151358,0.7083150737289432,44.37299804281904,0
27.421520234867003,2.188441944954941,0.9190403995799012,14.400708845101743,1
98.39776479598282,-0.05189063966800134,0.40622003906713666,47.897119922391724,0
40.9334006315043,1.0012517427335323,0.7184656093810597,26.93432109403144,0
89.40992036791344,3.6730211370218457,0.7653174434375923,10.372411630494147,1
22.995460589108617,4.469774147860873,0.5935342762935019,27.695749629927743,0
21.31047040250833,1.2081708274958993,0.7907683111549889,11.842766787018704,0
3.113408288451136,-0.48041056697394513,0.5875120804437084,31.7551168464447,0
65.1666825375885,2.5192958221465878,0.6532461015842044,23.54216109748205,1
36.852634372376116,1.1078303383370072,0.3051471311880989,28.93739734376195,0
86.4358249839637,0.9759853090682173,0.7842040798942822,34.52681442972468,1
47.32099066915572,7.638765224421098,0.762939875261307,44.752043832712815,1
96.81934279147217,4.546704373331517,0.32688061412844116,36.476063058877145,1
18.552551570312115,4.011905988548863,0.5577750751765931,27.361954739127228,0
86.86231679556109,2.7419759317098973,0.985322288554167,42.777114146814604,1
77.65968527917417,2.8604990008712985,0.5945155937980318,46.223285502925286,1
77.0921844644052,3.868145034542727,0.6513617835922891,14.790398657287888,1
84.47832281168877,5.267868263324965,0.9369511107118029,31.277319102111658,1
76.10239909429988,5.319314865636465,0.8020833131060294,21.380478389697764,1
62.62203216314154,0.5452451693490461,0.7074490917869565,11.882447915077897,1
13.124487768238758,3.501014768689643,0.8584632769387508,36.74186780455941,0
3.2526179491251916,2.7076228553069175,0.9050563865191812,44.510831098369025,0
92.08478478156869,6.834742696424458,0.6198216502160867,16.51610617909576,1
61.665031452073805,4.682770290965387,0.6325758554522847,42.49654630495602,1
79.65372909761763,3.792536597743836,0.570235654956285,44.13582934147767,1
48.152235151255006,0.038551779610256354,0.9766942980129223,46.57361770665934,0
11.730818896239448,4.450741003910703,0.7880163780032452,20.611403563442096,1
12.518579220255043,0.0548351511221008,0.3582561463456506,46.15812260759557,0
68.55652872289714,2.0348591800917686,0.9040717363191129,22.826510189457288,1
43.030589489946266,0.2855776833289867,0.6363919585853877,32.09352053822011,0
20.052472670033673,5.22866282321932,0.3481277344957412,12.020298833291285,1
49.15945467414369,0.8562690245253735,0.6848020786143176,11.755243534749745,0
6.420893707513409,2.526734358692234,0.5920149952829914,38.814928509288116,0
58.19714019143988,7.061072998569008,0.9144245834038374,27.77919911911164,1
26.899340443509768,0.8388474505907326,0.44279622252657114,20.251695014768703,0
79.75591006371882,3.570245575629012,0.878525226644528,17.61653984099641,1
31.036195892357377,2.773444950494198,0.6903820838298169,36.798139634368724,0
45.52201490818012,-0.8368836305884324,0.3382272122494283,10.016061761013596,0
1.1620539908100636,6.134823022155315,0.9802917109278393,42.23564676787417,1
7.244688779455888,-0.37858684316860247,0.6588306708722399,13.169984245197153,0
39.24935564066848,3.2682951887925826,0.5036137979621077,17.659584596324777,1
47.99388347171235,4.0461046544505495,0.6285847893924806,25.449455811963585,1
60.00205481193037,4.655838109531284,0.9005004484622423,29.394349588644143,1
29.166257870930323,5.197684663770881,0.5134321870695444,24.199804632557672,1
69.49818861265426,1.2794514517044355,0.43487347754069017,22.828486599371757,0
86.01223971892045,-0.9101910100739556,0.390349872851617,48.556640482927534,0
77.98509888933498,5.510992961194208,0.5085015788731478,35.66318724973577,1
3.9618825348357145,3.8209093941282077,0.8460336609280303,10.937318214695528,1
48.0506947257829,6.525059328865239,0.6301384556366831,27.20703633777253,1
10.493017841817487,6.392495266106248,0.459237122585478,45.00034798975881,0
24.204501586252746,6.589935510090949,0.4163294997268244,22.05824745642672,1
98.66625932671465,3.3658519398158617,0.5329106335572653,13.78225379097553,1
14.249554290151323,2.002655562531791,0.957947061019996,40.335390863596714,0
49.888815345135605,6.12402382332233,0.540118698813017,34.240553277443254,1
61.81557343181191,3.0616470172632946,0.9916868531682448,32.812500313060156,1
70.2464970544104,0.6509797676309106,0.6396613190357493,12.143062384296318,1
55.96486834869141,6.694766176053269,0.4254147428031056,15.619960391820694,1
0.9770847419183659,6.943038890951126,0.9237980642554566,34.90197584852455,1
32.64613082439919,3.196787805261531,0.6222487611943788,18.312953658353432,1
51.771164338471145,-0.3187024542119128,0.7967699404531671,30.162803189936973,0
8.786649914483336,2.490434809252381,0.9885981082464061,31.79526744117574,0
35.06269312091808,6.23183893516343,0.3351227452239818,21.340287610837578,1
3.3203108791366565,7.115966256916058,0.367686191851297,47.937006221659715,0
7.857849715502074,0.8312546824783626,0.8043197190239293,43.698564273423,0
39.69232762015961,-0.3972374917725563,0.4972775023068304,38.89494030531194,0
13.271575404306034,6.896154078195548,0.42901097786506937,13.119754656376363,1
56.75408482615582,2.5046444508098777,0.32755331587381065,14.245200772360779,1
68.94649691372658,3.8758486784080697,0.31529269839034124,29.711253834598228,1
80.05866991090829,7.712592308456831,0.8421399221838535,16.428533967639428,1
20.01502442448101,-0.4009174487719943,0.394103399158685,49.13061854117896,0
16.748258225906977,4.83486206706886,0.6274044311798056,16.340809361096376,1
10.456784033440025,-0.3330511968261963,0.7241277706256382,29.49871341855896,0
63.64302495436367,2.3792203561985033,0.5998462603981923,24.56484227366022,1
70.64757264869012,6.234330906741021,0.3189746566353632,35.57545685816392,1
3.1586144825642037,2.9012500948007096,0.8484510518115362,15.161456355576997,0
93.62122462436898,7.974641185126554,0.3073592571791574,27.212657121695635,1
5.1971283651472415,4.031533564519419,0.8333229260642387,20.988201312285746,0
54.12963353010704,1.8904593737235813,0.9253131456516859,45.51006098686752,0
70.90605194509165,0.9810019331427782,0.6029879447400206,11.623428485387803,1
87.09691237460856,2.1546848085754564,0.6748797311684587,46.54909976025837,1
71.40869321324278,2.3527994638359573,0.6338883748323576,43.31976554212002,0
80.17280830697918,-0.3815769004843512,0.5724460330364072,21.902828657632618,0
33.94501925428061,2.3261677948409583,0.9211971747592522,41.57162618708419,0
81.48251137465122,3.1781466776530243,0.9257534574689934,11.248542413549902,1
8.011484638467515,5.504639770149242,0.5350714552490742,48.67462201173574,0
89.48166560605276,4.910565362494472,0.7305488278102885,31.063797703591575,1
54.75923761537362,5.378890897062388,0.9488352935021049,22.13124104261781,1
81.72977699624937,-0.9247268631082861,0.973440949258946,24.50332850378708,0
45.23182845183001,0.9590065962248244,0.6562713282954332,12.656214138419895,0
64.35776951965249,4.955158595598708,0.6169773636990288,49.573980561681566,1
52.640266093611324,3.3559043136177245,0.495086021149968,11.571677806027697,1
73.15895217553319,-0.9521787189848865,0.971210311233287,36.19628492591436,0
8.162998203058958,6.240451781886401,0.3999700131310071,27.70943710825833,0
6.03520839905638,5.955286159613037,0.7058807032334075,47.956648727548604,0
24.710323401014644,3.9357724669420637,0.4977851872630472,19.839989612271808,0
15.954468011318834,-0.4018300680135509,0.49530580324345763,31.283472957520452,0
87.17835665922017,5.8986354457932615,0.5834780111633319,29.29424834331012,1
21.92139873580443,4.253422289582275,0.999155055070958,38.11465776200406,1
97.58652558191314,6.037639794421633,0.33847641478787543,12.72040927809682,1
33.68957917711069,5.765722931562564,0.704979272742472,17.751565200934195,1
18.211791568869927,6.227018647620534,0.357800510624694,18.582592803713993,1
78.96985071424791,3.6620725976416235,0.4081645809933633,39.52603019366759,1
65.87077755008761,0.2629206637416348,0.607694059241029,17.565547853069603,0
49.8195716453139,5.040417260417198,0.6573220919425089,32.93967055563907,1
55.53635509376312,4.584264065467735,0.48115468585516674,18.609752820038146,1
71.92017782722638,5.6802786847917845,0.5215199916120913,44.464998003359135,1
22.845474133129873,0.5289290544566176,0.36087691417915313,47.68741817958554,0
99.63339160567419,0.7547767991026029,0.5122538486909753,30.739718997689618,1
97.4793162146783,7.013685654973957,0.9765909075663808,24.09235536836713,1
65.03256863469369,5.749800186068637,0.961295167170737,19.362311000699965,1
19.954245092914512,7.1740563983029055,0.5344148030958895,11.99124006092175,1
68.02282424312914,5.8284378904752865,0.6995977553951331,20.740003047899815,1
7.219840897917584,4.374397753912717,0.9367167737776609,36.16943119781271,0
3.0652502205806065,4.887194633250863,0.30432867584862766,31.344677252368434,0
25.76828885112137,7.00215131546009,0.8674784992363143,47.761651131237095,1
46.26229567393163,4.209260790607464,0.9638586869522432,25.851090499668025,1
86.82725054083805,4.691521918955487,0.36392801403348995,37.754533693135784,1
72.7169069766308,0.4082904440324051,0.4130133802230447,29.572909899004856,0
74.2706521199981,3.2652909810449247,0.9725224119399487,30.503048636968465,1
42.54933344480754,5.44757400762289,0.6762781005482423,20.7109725841647,1
34.59349925469629,1.4384842848472887,0.3099376441302066,28.19803107367999,0
37.10387629846027,0.8202876247208142,0.4803423991344704,28.83139988050829,0
98.76495637360578,1.82444127401974,0.6149605719882016,38.26570086995736,1
4.010919141248248,1.1735056519355012,0.7850362377173373,47.62559996744456,0
86.70314961224486,0.9342137333275626,0.8132122646957596,23.17285109930017,1
57.86754085723934,2.8236575858127826,0.9967950590478192,11.688018743251938,1
43.86154191895905,7.1705466249518075,0.5012578395686313,29.851805020025587,1
72.52576604151365,3.5635368206484648,0.6767540713079326,31.778453285966744,1
48.666894142470284,0.6912834273379072,0.6733264835017234,16.73762204527661,0
87.34232380816606,-0.3072549755721333,0.5839516816130662,40.41858425104267,0
90.07018640112585,5.265405306241327,0.41841332568969414,49.39716433765967,1
42.17209268734554,2.4451888799274903,0.9842195942286898,47.830988680338436,0
27.682779723505156,6.396478519268234,0.8973220306666101,17.884241552946087,1
59.23503285933622,4.935596917766931,0.648833119805966,45.01452959603043,1
91.2363345616691,6.166173054872317,0.7222717958788208,38.17974545646739,1
21.066218900566657,1.4475143547660387,0.4590827374917636,28.153862552276465,0
62.296658356348274,5.231230302149523,0.6806509492742228,31.624439772989163,1
63.156022009252055,1.376557862243469,0.786479093185033,43.98400699929832,0
73.3113022415281,7.451616315052624,0.6606169198706121,29.205397585534925,1
13.15676851272598,4.7273685338003695,0.9931996194094588,24.928294764205074,1
71.58249646820886,1.920606201578079,0.7279391593734084,29.72989972103943,1
90.9032520665641,1.4256067606304539,0.5596815988145183,33.16519216140196,1
17.968310887024195,0.7183392656447916,0.8405064193310867,17.563106151133955,0
23.754332492387764,5.25176863004355,0.4193237581071494,46.036309210679626,0
97.13950940416396,0.9684405169813457,0.5691610695943865,36.967477953184556,1
18.097695270948975,4.357729393347402,0.5428712652643101,35.33075669349955,0
85.4385093369579,1.381715242328216,0.602264966575444,13.979849047225525,1
49.227785644803475,4.9577205031448175,0.8472458781501084,34.16695752690367,1
24.723107440317705,6.3344575568648525,0.6389211225143852,14.838426489539692,1
87.07499012725114,6.0022271883018785,0.8558101151861739,13.147907007815963,1
44.53052550026655,5.847661978377036,0.7035422321979061,31.09243582569573,1
51.48173539296902,0.6895016512302687,0.5394486042602887,26.111421361859797,0
35.92333693997657,-0.20453547713933162,0.8669851205784307,33.55241080624893,0
59.29508514349274,5.290539456386471,0.4668027693871641,13.568886722289545,1
16.352387258502276,2.3151249241491616,0.4570680858598568,27.239322513890336,0
39.10815366517607,2.891116037630126,0.653152046838385,16.991468601806318,1
96.94123223352875,-0.7196581648594804,0.4825944721734622,49.48400343696466,0
25.813343270112753,1.3361880434754427,0.3063609244658514,32.44600849740698,0
65.67366645412922,-0.6969123651298238,0.753808269109161,37.49747443763469,0
32.51900642246949,6.912671953411229,0.6577656750306786,23.016731227304312,1
77.34731256866006,1.1905701489667742,0.6118624701452128,13.789556591173767,1
13.087366071834982,4.016034526157073,0.9768779602328206,49.034834511341465,0
96.98210450785447,-0.6491861140498263,0.6998394287740395,21.45036141532733,1
45.37895413836392,5.001626521750922,0.9044021044525692,26.95232740694297,1
23.605046334646396,1.9072461117868449,0.3976151653436121,35.994556868103004,0
7.349674733001265,7.081272682618993,0.6984445241905993,10.987891907444451,1
16.975790508754073,6.9930637004063225,0.907585738711632,42.410365220691475,1
51.977394855601766,1.92761556525573,0.7081740300959285,31.463127601144812,0
33.70031764312863,7.108648061214211,0.8026099246889011,21.128687482752888,1
82.88833658826094,7.96541906148901,0.5604304974685451,12.46431941169877,1
43.08875236618059,6.428740977115533,0.3647146619259466,16.499936618977657,1
24.871427258762992,6.60384212979706,0.62053020658895,45.80135435413747,1
61.714498660403,1.2410786249818093,0.5761355735872002,37.44096895743564,0
70.67772168854458,4.190321589719807,0.9069421276652632,19.996068865475593,1
16.704190790094987,-0.3946967742936893,0.47079671164673054,12.62403059780118,0
16.761921628831765,-0.14573856860497258,0.9767139592745755,37.624612495465456,0
3.667142693354297,7.990033508299616,0.9706966838631472,32.896309038710605,1
73.64020150656405,1.9397532448331987,0.4733421501500071,26.180780978329402,1
66.38045276218051,5.733655208439617,0.5436363688341244,24.544457967602554,1
47.46308757498139,6.259985477241348,0.9268890186117194,18.67257103716433,1
84.41704489691972,6.722209439065063,0.9766355546272751,36.78445026150071,1
80.56701529500532,7.978654676619408,0.6104073719852308,48.82672111175482,1
58.535436439675216,1.1734683673118105,0.5246979319486285,17.028609833473034,0
86.82712805132586,-0.6368425582627026,0.6682658092760794,33.884664800620136,0
20.584121003676824,2.700723661951274,0.7814384444560143,26.96740222983905,0
11.191961939772789,0.17072602846052254,0.49143216076248586,27.867548869786596,0
26.974961151698963,-0.7981669975415039,0.8155312222333508,20.165891205112576,0
5.708685608931486,2.243841444273375,0.3361601499802487,43.00539502645676,0
53.1169528001032,6.053644259677128,0.3345061449350915,29.410224165889645,1
93.66056922949615,4.095626221025638,0.5704013936018817,31.736234087930562,1
3.9343540668509647,1.8150019028931865,0.5474312344425044,22.19043651189303,0
12.21099140100268,4.889078049434477,0.5209432507570065,17.27233862667799,1
45.21990282834353,1.0881636227792963,0.643713833868237,13.43641552811282,0
93.38750175279048,-0.8705669853512348,0.5245135076180998,38.56476563699664,0
31.61561049767505,5.8791804779278465,0.43458054292766435,17.849371267514226,1
50.723480868839246,4.613687763776082,0.5166286843620206,37.603014167551905,1
4.15728590503921,5.86072362050864,0.9824329909671645,25.615057841878155,1
14.834320096208886,-0.6495578498110095,0.587779391896394,26.630992039586058,0
98.66301229588468,6.534076650475869,0.6112989438008349,28.767099843710866,1
96.51186964360456,4.57573580032673,0.703581492965798,24.708340325101727,1
0.49399809344096157,4.070558156413761,0.9883385378899585,14.024799088903602,1
95.18117854232389,4.621526433030784,0.46912089350503405,22.38527240011383,1
63.91199378155004,6.779899221815277,0.7768974773727036,36.54937442775754,1
86.79182945200222,4.282428559030164,0.8011892854792069,36.63137605875484,1
45.47398556338591,4.228553418993614,0.7251270917551461,21.448972289599773,1
51.55960285792502,7.916112413591893,0.36200483774565084,28.40410506230752,1
48.88465802569202,5.810571503617112,0.7738105930793036,17.737889120477497,1
66.68642575461044,2.9806442490602176,0.34486629772532285,18.41488326119343,1
13.96512547563129,5.366573000296349,0.7172998546849279,10.921883536264296,1
2.9973589872677953,2.503074245226096,0.8177068240552199,45.86986199630979,0
30.79299415911909,1.059879162351491,0.44767892343396526,18.42826660299625,0
70.46807627366466,4.371666891989835,0.8891354052799418,19.101355077458532,1
20.185345212294838,7.353638883025564,0.321247663873103,21.184057305805272,1
67.34324333249174,7.362255680139164,0.8906690045608143,15.096322867817161,1
96.99120461072704,2.077147502949413,0.6222303354499354,35.57051532725451,1
9.39007157894184,3.7490971959952546,0.4523115579521511,13.005718127103464,0
67.26021182251263,0.9047230871287508,0.39364470149577757,15.368097053054012,0
44.375021930457116,7.960679985489952,0.9673150173076608,35.790269063603716,1
86.81422543775054,7.8300611708114225,0.35086591130680966,23.586424819257708,1
17.71497894473859,4.845580367367026,0.43936539395514795,38.31791306804756,0
69.26259522261645,6.23972653709726,0.5434756432031321,32.29698978680568,1
83.81152896481102,5.4359014515533,0.7341643942727842,20.240846922460523,1
94.46142194740233,4.338423971355214,0.6813607596932688,36.03311801957312,1
68.32480282896458,-0.5198680270999207,0.3879504446886198,14.650947211715227,0
49.71747640084273,3.0928790829739494,0.5028095886167502,31.456415323201217,0
61.78472402012139,5.073076719506695,0.46712623976021683,27.485924201801385,1
86.89049844787182,5.097784524953162,0.4494799981432389,20.71494331269763,1
57.060974663882966,2.358103565801452,0.5878010355359908,34.16019990958,0
3.038705969683686,7.475227879922276,0.7928220168141598,44.8533436936113,1
93.09486955069778,0.506213290131029,0.4522170525520651,49.95618799052307,0
68.95267510315611,3.503235015940046,0.5566752157920869,34.31051074973698,1
67.65133857772466,5.217955788957405,0.5736421987888136,26.188234973166807,1
21.567515239771716,5.2742222530262834,0.983519570604787,19.008284008648065,1
65.88854702326572,4.83775061091934,0.9682664498153482,20.283843575804468,1
39.386440565415846,1.4775939210667417,0.8600963079264532,29.178199125990627,0
65.12329770414921,0.40585911817959763,0.46916124457342956,24.69110805122837,0
10.659303030799073,4.723462941440398,0.34762611986416875,46.55258090499777,0
65.7845304603036,4.393719045254939,0.5218328964044373,24.73181870622838,1
99.94137257706666,0.6142040926031687,0.4867561846036816,24.93778364581742,1
4.821203886055603,5.34625231013507,0.6541480601024756,25.34138049735908,0
97.71741842213173,3.0965479256029074,0.8444095370474551,43.464808414706326,1
40.690796072287064,5.009845324428376,0.9008260572152005,36.03153283387607,1
87.07534503372591,6.536303717931356,0.8914048597873558,34.56675401275571,1
78.23854840582734,0.5275558571923085,0.5517728928561474,23.365720895354485,0
56.70162609866678,-0.8276961880284699,0.781064040422478,42.71616707329758,0
73.84492092513266,6.011923277562081,0.518983938266954,11.534554454228045,1
87.8515561301348,4.487276826373543,0.3426338802646279,44.831886893524526,1
40.4140321651033,5.296756126599095,0.7910956859220596,30.509995991757183,1
32.70331615632387,6.5433947748977825,0.30687928679885146,25.930009394536512,1
66.75933855635847,6.2252984134205045,0.586427811220942,29.886691228707427,1
80.78459419412586,7.648281322359422,0.530565488511453,36.69662122135324,1
76.22851347766158,3.8234157096690637,0.7853642769631967,10.510617060715894,1
79.78136488586345,3.396460693939148,0.8363718309322652,44.86207425832991,1
43.5583314812933,2.6169847990165707,0.5128662451798986,27.86958101245571,0
81.78342161750216,0.38321938559784074,0.8681389101113974,23.718660788003127,1
12.020905537060845,4.153465095938202,0.5057417323534537,15.529822625362284,0
54.448909796084955,1.493112718933809,0.6124284519905928,27.578614974337686,0
0.575866049812157,7.2917676099167785,0.8089129689098937,29.852910851375153,1
32.45858299002703,4.248717238493878,0.7850441604573519,26.145867779739113,1
36.646153487139784,4.335561624572992,0.9911579306185401,37.14640375307589,1
39.61726916092554,2.19432194789309,0.4576127169511523,26.83586115036904,0
69.54672066898621,-0.5320958322006326,0.7636225394777076,48.456703113862936,0
38.85581012703457,-0.7143061116431024,0.7267773357930442,33.971100712943674,0
44.86936226225306,2.8100162973787777,0.9405689181430208,42.29911742607636,0
23.754413087432745,-0.23891159712485932,0.4094534991514125,14.374236124379154,0
37.325179162934006,4.461622599861252,0.8262587145108531,25.89165171783623,1
22.726962726315147,6.928757050756917,0.6977880313881378,23.473908057886106,1
7.319592376844364,6.9462333486685,0.49226610885153377,32.779295525463674,1
60.34485933813779,4.931408691190091,0.6321044399030218,44.44454080245703,1
66.82127985550163,0.9010864832563792,0.5336436179488584,13.133528710480267,1
61.94903460096145,6.766971482229849,0.7055193819519225,12.90299192178843,1
46.34940438005724,6.974840917818874,0.922300427570266,44.01270832630396,1
37.978578017922985,0.7698822645766283,0.6985134890885414,18.514003441534296,0
86.33336495718252,5.636834771936095,0.7422056928286087,36.750130177992546,1
51.908178513621806,1.5786759403441066,0.6631234929802966,31.715125294432205,0
47.9181877629731,6.223762811176367,0.3358158545118331,43.315743795489176,1
2.5642065806435688,7.975141099132424,0.463000989813266,15.00355639345614,1
34.12478276261564,-0.7297659520354647,0.6444012106024579,15.191318628904451,0
38.019561878585705,7.076292792118387,0.5171646986212933,32.272734411132305,1
39.88227808969005,4.603674802387922,0.42723451843283594,47.85514613433484,0
58.017236922733225,7.760443572483391,0.6528929893429067,26.59991033483017,1
53.360254672687844,3.185085657737848,0.5259668554134952,23.0776840101878,1
60.79050927934446,6.626491375142364,0.4806753502213903,34.26757292791543,1
76.48832615421283,-0.4384533826155049,0.6247897922082666,47.217944021801245,0
81.29857387160935,2.0175114507046614,0.39329898065752117,43.47711331378495,0
71.81230762264944,-0.39685116023911027,0.9494220131527851,49.819344429328794,0
95.55236959549347,7.778088201311634,0.9073914685434672,10.902743328095085,1
1.823258267636163,6.352765165446531,0.7953344100183747,14.51432578851049,1
19.57779856835461,6.672926791213735,0.3743496793119193,34.378710534664876,1
0.756287497814212,7.441687082905048,0.8431140781287851,42.82305757335399,1
64.7474714154603,-0.2340686249219318,0.8655701296763132,21.40977369227066,0
89.8030548949987,2.47037833262,0.8374352324000363,19.56844352136875,1
24.34822965762993,-0.3606859986039809,0.3797761209834688,41.479031975248034,0
92.70345447963066,0.8971379139502575,0.7507355699474352,12.255274154129264,1
6.026739028956085,1.0642919933390513,0.8840273570245789,24.775305903303405,0
93.44360268055144,3.221964899428208,0.7041473808537674,30.23236890369319,1
35.16226872396344,1.4170595070827834,0.7524851626596623,32.41394697401294,0
10.142082844921651,-0.09119703864015016,0.6208544355984142,39.144606271711076,0
48.58717591863256,0.5074198018469693,0.6700951239188369,24.19382893722633,0
25.677656772050796,0.32548007196881823,0.3240638008462076,34.50737378698429,0
28.487290196192284,7.757691181210685,0.7472741153812992,33.415016911638254,1
30.728996492628657,5.833632562266263,0.3570130490238114,31.904644026149885,1
80.30258978326634,7.709853187426058,0.6045102160381564,35.61933172568849,1
53.91612766752545,2.957664378571177,0.5048585683671855,20.37796684272305,1
31.130769915600364,1.5053163349639096,0.6817995651481992,13.385950143385159,0
61.03337833109184,6.18463877488268,0.39339143486624495,14.770866881589736,1
71.61506742231936,1.9362852623703208,0.7841503813813226,18.983295306156045,1
27.262400073353376,1.6944503633481345,0.8565080758499293,30.00791742091141,0
41.354910152535155,1.0925539298704807,0.4143481148202095,43.61771002184081,0
12.188609333694755,0.16711080401811818,0.3730191611463175,38.05173368353536,0
18.11493495346803,1.3081675491508937,0.4018608379511514,41.561624168081885,0
68.11178539649828,2.1978777362649895,0.9139892933289511,24.039024957043654,1
18.143834769562694,5.065947873311574,0.6697324832294493,26.186149665942008,1
52.516338366706016,-0.4369164200249358,0.6270826972052518,25.747275439624513,0
70.90462617224327,0.8945624569880866,0.37469827337164796,17.67492737618006,0
10.687692309474384,6.2812127626250875,0.7546892047298732,12.448666325742881,1
56.73122196289035,0.32229731225393676,0.9075997143265628,33.63664371308907,0
25.656278370136377,2.0838063187026936,0.8797301085264171,49.568667336823445,0
96.29268752375798,6.781930296723261,0.7382382962865608,16.673188198010514,1
48.35456467199247,0.3943278002909838,0.3526951016561715,11.86739279597095,0
80.59925497751581,-0.25536847943629093,0.3786779190232091,41.181267272957314,0
55.022654215626176,3.3608419557200975,0.33451629097687724,20.10344026738897,1
4.341253285481916,1.7217756015068275,0.48023545154472846,43.18575221411714,0
63.31513755940223,4.070675280354687,0.3949630270122644,38.15746668138061,1
95.14033422066571,6.234244014351276,0.4820336281767037,47.82694148203218,1
60.16118201463312,0.23433639337468848,0.5695406390032731,26.357089430266882,0
81.91888594267903,4.226291760988564,0.9600879488497949,36.47879357802537,1
88.42064633484078,3.549578843508775,0.7272632418471845,28.59419123253083,1
22.807977194893247,0.2967090741187961,0.8844816499780737,35.22354789234174,0
21.204483990822666,4.615986369760842,0.7972460504986325,27.983956240309492,1
61.09809888509917,1.4627637607469448,0.3787521913686422,17.545289856962995,0
41.10284698067047,3.3905088668961127,0.8151442844617642,30.315896640135236,1
83.98613028667204,-0.25954908150644307,0.49256921709138707,31.143368057497693,0
90.00231233980112,3.136256514922607,0.7473754928962943,42.42415393040644,1
35.34213793027181,1.758171212385383,0.5386733815500919,39.42082823174324,0
23.687055897448207,6.401430900668189,0.9983705842852615,36.55166495765776,1
78.05255152438619,-0.4871914570236855,0.48448603564774445,14.5354838221029,0
27.48060355481361,2.7674654742649696,0.4953913295419887,38.8246516265486,0
82.26143185136785,3.1258828171829425,0.9514705788936788,30.01220625418059,1
42.37382536487628,5.5250546866920685,0.31725108324542584,45.76398144424637,0
66.75498992914704,4.168588175811899,0.7876822915112378,46.79483736522171,1
9.553531383466819,5.0049110347476296,0.8077284735151147,12.206263624071418,1
62.3859324676573,5.993443570865805,0.8854650041872796,42.82566241417915,1
45.17676787372291,6.759826762923699,0.9821075174469327,11.507895616906826,1
58.66084631754741,1.8248794705022346,0.9829213434096566,24.686785027800905,1
16.801420774486342,3.8422043482751267,0.3456937302965247,31.691999024843163,0
73.68737449441821,6.560972705952799,0.8752875259270316,15.924031945085098,1
86.27970775432286,7.905060178685508,0.7524169535601668,39.852552502763075,1
21.673980009077564,7.005673799393868,0.7531394940611638,10.334188166885543,1
9.571455552016172,2.3432053636193912,0.38984494863028635,16.743961937361473,0
2.3638586046336396,0.7564986549678538,0.7551310165119574,33.23187319413903,0
64.1971500443266,3.404532836659299,0.9877378064208735,38.5755024814917,1
60.70940360887808,5.67477306652438,0.9382729986776128,46.665724107756645,1
54.669741271407005,3.4331216367796786,0.6073914625633954,38.21986607738495,1
23.194709611597542,3.3486277698230165,0.32796358130026604,36.87117081019464,0
39.09059959055147,6.544073789736205,0.5536054430001434,25.773645854026572,1
59.4476335186173,2.2526340116046772,0.8784732181203887,10.051377021072057,1
49.67668588591694,6.738152073304811,0.7910493710256161,14.806370349424878,1
98.77855202148874,2.661243208565512,0.6215405589157694,31.382181790241567,1
13.643975255673313,1.9540979511050547,0.33857107461118174,37.00519543377679,0
69.51445540475937,3.085909200797291,0.5988263094763118,26.6979313558585,1
40.431876810429216,5.862022628073816,0.6283174578025184,39.22716046113561,1
42.819961492561475,0.13401825077594864,0.9499888730258952,30.87449181328715,0
71.75977656581762,0.7677729428481563,0.7487602725075115,12.96704782377249,1
69.24361513243696,7.563003430967827,0.5181570416582542,17.680650038717953,1
99.12559937021884,0.5794246464322164,0.667722785115505,43.599928929757716,0
12.839428945412523,4.109545861379491,0.34623871547551205,38.99650986497758,0
10.410964938416633,4.213830199957441,0.9807977649548156,45.7904794804998,0
72.43388171287411,3.4066201584522027,0.5520419313515081,14.702289964837462,1
57.83869170064091,4.802707237191367,0.6345071484391951,49.60890138460296,1
27.416066655980586,1.068440532178566,0.5486987819658458,18.376268557997342,0
7.9419368988986605,3.9739604099907337,0.7777582110813401,10.471195051465681,1
8.565824959643054,2.3495592972220742,0.7635625108307151,49.896917562142164,0
89.41908746641182,4.955005336662701,0.8007256173703949,21.242955417804524,1
19.18673247187429,0.27101189035834516,0.48770026072834455,36.7207781005024,0
32.33715621155208,4.137896751555286,0.5209679368148461,17.067292567052206,1
22.6656402226988,0.6674331984499133,0.38767586176734553,33.209141287965664,0
35.49963058319373,1.5077875680353277,0.7588569802922788,46.16139945818237,0
6.942384274609337,0.968388202912249,0.3278579891349568,22.807246697137543,0
51.90597909082704,0.6455400188193541,0.7183776348664213,36.81015904177437,0
6.76125635922149,6.4313985640460025,0.9087871193961437,17.51614355193666,1
80.03565078223616,1.571368108948013,0.9235825038027434,34.99181594874901,1
23.3712081910433,7.344114036780043,0.6143264322589732,23.458014072700408,1
54.00119146045106,7.729338728106718,0.6215125817491516,18.448330343518066,1
88.00790875614582,4.1413442294338765,0.35387842810561215,22.527282028145407,1
65.08773690471942,0.2870101039915376,0.769535517810125,17.153642740311973,0
53.29577865513353,2.3709341904162313,0.8748815942609918,46.07664431351531,0
32.43337531153756,6.179590370133926,0.4712585382232991,25.887475452685152,1
33.300191305819794,2.306516558273634,0.5949106171433552,19.811172198974695,0
66.94869551981901,-0.2168450352749013,0.8871875357356891,27.936313640637316,0
99.41393612211675,4.011064198353692,0.9139843273636015,22.82144667225982,1
66.18391898493786,6.606087663464313,0.47022598618495814,39.77677015253304,1
55.77834173700249,6.163337484291522,0.6853994441789549,48.848796475419775,1
73.06505102392461,0.5761082611731791,0.4347452054450789,27.521346267905873,0
46.52056122837182,5.0548815297122,0.3713151348976896,44.44133599888961,0
6.0142342600785215,0.984538370920824,0.9377843509743702,32.63452294238478,0
56.22968158779098,0.9638678109695502,0.8743552529624763,16.28942660376934,1
95.76252845053801,6.866645959746666,0.8320244312622216,37.62490968325366,1
17.530294235765965,1.2470205746620713,0.3341364231691983,30.537379885032806,0
69.00048908206658,1.3692261186621009,0.8906101548971801,36.02426093008414,1
20.093368865905646,-0.994119483148304,0.6066308531337685,45.5874965028666,0
53.582768447308126,6.836021307129659,0.5396765863071017,27.617382826241844,1
9.667644964671961,6.133353318882213,0.6825334527177636,46.047104928694225,0
45.037093625818514,4.645960415816102,0.36394726990648907,40.026760571266195,0
75.61633288952461,5.752391875449581,0.8296525845466791,29.54419703511939,1
34.757152423898205,0.3684371068204262,0.7077045538218071,34.12888542631855,0
66.4911724487218,3.124912351288179,0.4306130678112172,23.023245300760458,1
79.54499607897291,2.160974486139028,0.4317625398383319,49.34389198955097,0
92.71778194794527,-0.1560112636868516,0.4289740561008719,36.69404652201584,0
23.464208185545353,3.375174366934317,0.3399016712863538,11.753874099865197,0
39.931591580930814,7.286656853083718,0.7114589145601793,23.06487622992035,1
15.241601333041743,-0.6394679285437497,0.8882437243119556,34.9325773503623,0
99.24835021583752,1.6231482214441448,0.312248749791172,12.253331111969592,1
92.70009679242953,0.8678684258513312,0.3343032514798915,10.95536765276571,1
53.99571302805596,1.1433198829912667,0.700939193680862,28.000969581112102,0
84.20332943764213,7.175910966914378,0.8736469797702366,23.3076071877068,1
52.09579772720422,3.212621488108611,0.5287172233980435,27.531944321326634,1
62.35856880027597,3.196694716458369,0.5447300791654055,20.507732395200208,1
8.912443211601662,5.8451807820975406,0.7174425482477431,16.588709877719236,1
75.52704204968079,0.3904298360443321,0.49194902238690286,37.56573427921351,0
12.771348363523483,3.3853881869004567,0.3186258562543789,30.58284465071202,0
82.60676302525283,2.8698669270895376,0.8146599626711173,18.006168449974673,1
78.20280876703859,4.372196214919905,0.7379549390590172,22.783577050399934,1
70.87446977429764,7.996019329253947,0.7065291993389613,33.672316306533034,1
3.6160380524762115,5.925040046738424,0.819178890294276,12.889173930899114,1
30.31283559453286,2.580791327156845,0.7726615862934262,15.898120370647181,1
26.311256991084285,6.447977470466423,0.4441173917248248,12.929824164295605,1
36.01364074715191,0.5363752698123216,0.5467367328603457,42.49269330856475,0
8.764274676383854,-0.7258268232193589,0.3882770991750375,40.09636932848037,0
93.69578230310628,0.8400353521784574,0.39089990939251673,40.13251727517029,0
55.38022407123763,2.063704005028337,0.7733370224495775,38.65301373904112,0
30.552431065802356,3.595226817136039,0.9010200748877486,36.77541694679476,0
39.698151707428345,4.536162264870798,0.9739128087027973,29.079676615127,1
44.72025405048357,7.195451454929795,0.7398429822846111,35.6911265402846,1
60.05943333606173,3.5886860859541194,0.4288709263526699,11.534462191518987,1
51.567942769649775,3.5114808016315644,0.3739552418142515,34.85857690627138,0
91.93919732144174,-0.5478129115931608,0.8689956800757304,41.11510822147508,0
49.696348290583025,-0.6857960260939857,0.7051295334519995,30.014334415375608,0
99.21580148233127,3.960439657247349,0.7327995147096038,24.300533137089477,1
85.14249577450957,2.9436075192351003,0.8470234621282964,21.097069392039167,1
20.85105143573358,6.552623554822688,0.7922940594127161,35.7120820064833,1
93.05952146439162,0.4461162624066066,0.8841207769992676,37.712047945196346,1
11.636639788547608,-0.7752550409465536,0.3393497338219149,44.8387039945017,0
81.74497084911916,3.0413489113711325,0.8232644457225533,23.69336329843963,1
38.06232934765801,1.1373070107703174,0.8955969301254667,40.79089229542342,0
87.79743204450695,-0.553470639950463,0.50029452972082,32.45423296757352,0
86.80566901074504,5.52138458162866,0.7483130917952769,45.313459627123166,1
80.59254001176211,0.004336999615227377,0.5199134446858804,31.11248433182483,0
79.00304363070614,4.474875500069945,0.9705797465377177,30.70519313591869,1
30.46791390980408,1.5294477515020022,0.3233965007048526,33.115083257636364,0
8.091928305125219,0.5614644531951982,0.7058549906830685,39.972614205697376,0
40.29801787651615,2.417763706273857,0.4165524829346605,48.587619153138434,0
17.35245149865087,6.213011986006583,0.798554143624011,12.942534168630626,1
69.49510889024617,2.528842192141154,0.42312319839306345,12.137384095640687,1
34.609972653778556,5.756926842899501,0.4647682833288503,47.50201349629354,0
97.56102008599149,0.12937667119235607,0.6460595677320307,31.195025020728245,1
64.0972077345332,5.954942776985712,0.9403844649978146,34.59612058267744,1
82.24805636343609,1.132399924159838,0.4482000605035796,29.296944063789155,0
13.252467274184843,5.096538168999855,0.40096801478267247,13.74629810429898,1
86.20144822726226,4.092033993568967,0.8312837822978214,40.72357513674666,1
92.27571905133944,7.362302454905187,0.6504336726337516,39.88898580354348,1
48.70619188189359,2.485902661777826,0.93824957866724,22.46813285971248,1
60.625293775097745,-0.404513300490036,0.4026301900118896,22.249569809136016,0
76.48098009029954,-0.8276006300387239,0.7521495251161274,43.51365523622074,0
17.483862726041256,6.441727048754778,0.4630154023062705,12.894290309653066,1
50.25660764634424,3.722620738952889,0.40973230005614747,45.24420593426263,0
39.86630277723131,5.977196466514544,0.7784005906100893,20.266467595836577,1
14.63739921622491,1.109830400103632,0.7155792339361132,33.71938991021976,0
36.753442229153144,2.1057537096191035,0.8283792208536318,47.439767160071106,0
6.817230938549357,-0.7290651500981296,0.5166238035123276,37.12490006146586,0
2.5811906949486985,7.6534309211670095,0.613580159467533,26.577192498681462,1
13.516628915482276,5.010811160307321,0.583830173431293,37.58136835621661,0
96.31151115891738,7.398845789833755,0.98886262477656,23.75918545265481,1
54.952953589501696,1.389467666861651,0.5045742697175715,21.090336653967444,0
96.582216115322,4.503172501030948,0.5063720668427367,49.86733111738719,1
43.2497878330132,5.10649971463374,0.5481837461800252,40.03160924719151,1
31.181613308525957,1.857947302318296,0.695215856903225,35.78879909527271,0
50.61418628402441,6.632983115140671,0.47662592098462164,24.21158572877275,1
43.95116886329101,7.52445316610223,0.9407029582654918,11.966433166201927,1
10.566468426174392,6.963696059264039,0.4859798954063844,11.242275041406224,1
64.08263146902063,5.6516027834543525,0.9270710120921362,32.16725021795195,1
21.60381825095996,1.497182117524586,0.3724325445526092,40.48130884156204,0
61.95879548978296,1.5345443789506854,0.7595938916797565,31.495167617754202,0
65.02010923981534,7.670242884014341,0.9348898629067706,43.63140287756458,1
15.20248531286481,-0.9074395365787717,0.41812460687876063,11.337061323728864,0
6.134962711066816,5.4444497591793,0.9778288720694785,24.670083057037605,1
78.07615860684398,5.356215462997359,0.6170183522908581,19.482815646967122,1
45.98004237693202,4.604205868548177,0.9620005759087171,27.89091872628488,1
5.816379550547579,7.910979614781793,0.7737740305410328,12.895055727764898,1
99.48663171697672,1.8069149218735272,0.5111108089114861,48.1652656628429,1
5.778056099636664,2.0597467741392337,0.43181176744197447,18.930216042774436,0
69.50352288585532,-0.28954537348100007,0.5126145323575695,46.89231101934339,0
98.36789252634136,2.985183228893637,0.36511218648387245,27.03572620146727,1
23.918010421592562,1.349436736113633,0.40070757644033084,49.42096533020872,0
14.224936868719617,2.090480319598798,0.3732623082425368,32.162335338408425,0
12.138493942242889,6.511146112300649,0.5960604806190903,47.233314567032295,0
30.327514756759555,7.419360621747462,0.8569048633803105,10.213959547768914,1
10.10458110106467,0.6715976480466708,0.39896848795143813,39.929552247236,0
69.2161341694132,2.3525803839811927,0.3912243032206351,46.122026124100614,0
6.229179813006269,7.357675059038547,0.7504002646621315,15.588822679158163,1
50.94221281497897,-0.4437238537969963,0.43802808737764637,13.84503406928606,0
99.66968538529768,-0.16875524699759337,0.36832702667629413,26.982904287438224,0
81.39702695060188,0.4651189028560643,0.4167940047439043,47.34715624531741,0
61.52194382310109,4.356915507141872,0.9466119771137431,31.695462407617548,1
30.625362078661166,0.35425043905397713,0.8750298769433336,31.098258548869286,0
62.389583629163845,7.712687433056601,0.5478451936485659,15.645044731972874,1
52.70414639116516,3.020430745326683,0.7590745371291749,10.031580443728751,1
42.60833838903715,3.5136616431514973,0.6760929715676266,42.40560362981845,0
13.071037674019948,1.2199275422486586,0.7739869844377947,13.502982519449528,0
88.66042152404667,3.2386422719126013,0.7778698067239315,35.35399274941296,1
44.97846488213225,4.957222693733104,0.740113810541995,46.58465818060766,1
19.462251182076507,5.760594232586385,0.48627095797611597,18.346076526337242,1
36.77593508772896,5.784812744389217,0.3273044945339727,36.61091344947643,1
41.4129752528927,4.201020014246795,0.6188967473930762,13.147943068300378,1
82.75378955668742,7.139237974944715,0.9236817192834925,34.15020575350452,1
73.3614380561402,6.356670625754984,0.6986480809630031,16.55726883812811,1
76.93048936413398,5.813433032287628,0.8826737291913356,39.43814242060712,1
1.1031264428647214,-0.4995503048758544,0.9941370400728597,22.049251791756326,0
41.615399817976154,-0.9380983400231562,0.4145313428967934,28.53564035218585,0
48.13441516353236,0.9120254947592565,0.7842443473993876,33.977221681104865,0
1.9192276823056686,4.9717123452210705,0.7720055015900171,16.850936426649582,1
25.98132087450342,2.700777399942912,0.9859688131507949,39.665512744704834,0
76.0289823122135,2.6216563336938057,0.9899205137669602,22.105613625472582,1
13.710970572899905,6.961281994066524,0.7806750282068906,36.49487439651014,1
53.531013145259166,7.060065633186548,0.470530354387536,16.331322027974945,1
21.52018720172375,7.182577376482271,0.8589890866914194,37.52470636825401,1
1.2120774643893273,1.8249026886352455,0.37492039394772664,15.12752291241847,0
24.12014575995415,5.219502314653356,0.84648951292014,27.014259850799345,1
97.58737549100537,1.4446986314693269,0.9371372869012875,19.88824294955507,1
80.15371118829896,0.715488497670048,0.5679833763379046,39.9350099771273,0
95.95766443210334,0.661692116126323,0.7414447064881563,20.48140018027498,1
48.785404392636245,2.078968587772346,0.6010999124677784,45.26869225581585,0
10.973619867750351,2.8696185780183954,0.60643553849169,45.67280845626451,0
54.79594889736929,6.478542539495615,0.517259622375684,17.857652608911433,1
45.43773345599609,0.07901984125440897,0.8334907343152271,34.55383780030897,0
84.4357082739616,5.614332626554048,0.9553235949165535,13.508705668798573,1
9.808258078424458,3.7830942277037485,0.9585256014641228,25.661483984065168,0
48.82411370217782,1.5915080840839324,0.4223468994124537,38.532869180050895,0
15.004866469398426,3.4353762607954215,0.9123205547595963,36.37692987399665,0
32.467592689006,1.6994786279932037,0.8162020089989854,34.98802677626432,0
73.73570773877996,4.364737597144754,0.47698618048320246,21.301634546497745,1
47.601812936876655,2.904595305697198,0.3470992290450602,25.12099797737608,0
37.58882851457693,0.4796497617099087,0.4875980868190646,14.117845788011447,0
39.44762785700353,0.049247671001270366,0.9385457657470679,38.760912817344035,0
45.94467684059866,3.9202611386491713,0.7432250724270406,30.155551871650943,1
78.50165438370568,7.1217172995749305,0.8047382626285102,38.350625293826184,1
89.20846889402344,2.09561917901917,0.4800066457763671,19.95774099187491,1
95.53346865039283,5.597000965003609,0.8035717089023742,22.97752914540265,1
78.6903386255295,4.927952194457903,0.31968505439454664,23.368613490404584,1
31.540689574801274,7.38399422878533,0.5627249420411096,11.029696389888649,1
68.81347060865421,6.388829155692267,0.7387273439796318,23.64191491322494,1
43.760312405539196,4.099447330149167,0.40226759587892413,42.13218294072134,0
25.467062204605117,4.9132744841069655,0.8761025021128543,45.89193982998954,0
84.08715794259226,7.085478199256315,0.464521909168343,30.728732625437097,1
3.8426348962324997,2.595669061282413,0.7565967789729123,28.22006780876881,0
90.17619921354235,1.941152352719996,0.5836379998027308,11.232984747974811,1
46.147746462473414,-0.902700247283233,0.717230516834353,45.168173503415304,0
63.72014768082804,6.438959667723178,0.3752153868402357,10.520408537034909,1
65.93539222057827,6.208826303630284,0.3118389599451251,47.79000320840847,1
89.51177407065364,-0.05990933709863755,0.9366950991662109,29.568649947523625,1
63.66696821672073,4.191716430194302,0.4887410061370279,23.677379742989064,1
61.39335847600618,3.1758352835019865,0.8737739019463213,46.968737393706405,1
6.665204056068996,0.06838185958200316,0.99954521033054,10.97563972440387,0
51.84080219452041,7.825114043546511,0.4480018805992378,33.25699579476348,1
15.016900081704165,0.9322629871701991,0.48561951882834886,31.957300979973503,0
73.74337687214856,-0.3948923791849497,0.7640018513442659,18.772816048455283,0
51.22219208126745,4.353626415517186,0.9758140442204348,27.155497254008424,1
68.02277792083532,5.649800094197294,0.9410700437335207,36.09056023775081,1
4.167290060238427,-0.7080089855753173,0.6520128640459094,39.085247875277105,0
8.479201604580322,4.9284587485432,0.8565771977687071,10.028674348263191,1
71.63233880626822,3.79062688356309,0.39502209716993075,47.47413720364061,1
7.208433599867337,-0.07061492012456427,0.9842067289428085,16.581014895712496,0
7.12567277652586,0.5527148925172587,0.9750472638251906,19.34321736889437,0
1.210847523488745,4.111768675844725,0.41461027051541965,20.53893782775393,0
95.65013982994802,1.6672185216195956,0.5095961873621746,11.512805462081413,1
73.75083594590069,7.444841557861844,0.37010849825473685,14.922084943612997,1
35.32514085020642,6.368662065356457,0.49020231922872576,49.45399691776648,1
29.65355812876552,7.852104858622967,0.8711690525906446,22.60866949509144,1
34.97032297458495,1.3370375505537258,0.5648209250156816,14.612043613561973,0
77.46535311811819,7.727512695181794,0.36187787700273083,14.279650446984933,1
66.13706110704143,2.8811048281240206,0.5395578673452331,38.778398706798875,1
18.519556786746794,2.1276691578237914,0.9869683339688959,44.182746561305635,0
17.410933533408436,-0.5468542572758208,0.740778516681442,20.278091980338793,0
9.839564971339732,-0.5251126792635764,0.5913126624843104,10.836380493409399,0
66.03027197013381,5.228101303519892,0.416576959448089,18.923600737814233,1
76.43726622217359,3.1213609499062507,0.9903237580985862,12.260627631870292,1
26.5046428325004,1.0386946343249512,0.8745943064841901,14.13579746520166,0
2.094496103091281,4.525732756927094,0.49703411171564355,27.260324793905696,0
8.217166747642734,1.2757230642510007,0.3490480870048326,19.196734834465303,0
96.78600348450304,4.1986857890998035,0.3396378901642906,30.637835141016936,1
29.544477747742025,2.2328787228442133,0.38426470465387363,20.139750130287617,0
76.92231478381336,6.411970039506372,0.7065380085300952,47.62149204411791,1
62.46635688542638,6.386265446901014,0.9501343948438445,46.23775871705058,1
38.19396396528959,3.2961535831016118,0.6477203996041891,32.67224420041864,0
20.56872621955551,2.1573719840151404,0.8900618377193379,24.176959679495447,0
12.138641815940643,2.2630381690318506,0.6121206339018654,25.245875281389424,0
61.50129680388666,6.251430731013961,0.7960084820374775,26.474091325779877,1
77.4633780637788,1.953615345178508,0.8123109161005506,39.10317288539776,1
64.39042535411306,0.8815343633616142,0.42177459413233703,28.065559820753517,0
53.030213324915835,-0.23780492312223855,0.5528512412830682,44.2691978602359,0
4.195122343163627,3.2002380879596757,0.7461115095766166,47.76379143721458,0
96.84887775943838,3.339188890278577,0.34948762572905634,23.437846135157354,1
79.87141916545745,6.568178393626164,0.5530781314340696,32.427779255027204,1
29.282203670096475,0.9911482680145758,0.6743596263968347,13.802261473302577,0
97.99703293588506,2.428921463015599,0.9973571451312471,18.01876191065436,1
60.18815896363221,6.275651650043218,0.6321734938357084,26.538630668406405,1
58.24226582072465,6.412612496740762,0.8712397299800265,18.248108636071155,1
74.8073179429532,2.461499683808914,0.6024470995466324,45.0624196315487,0
81.17697880901376,3.1321162095801283,0.8574735058337961,16.33145024236392,1
65.64786073315027,1.7295730176435464,0.7167903611340758,28.22643286212368,1
12.809574636620003,7.3929939057738085,0.9206168090516789,34.22796961839502,1
33.82675059944984,0.0677938916742229,0.5876597866450769,37.67455632643377,0
92.80836403260497,7.403744807013229,0.7230130938750352,25.32277478906027,1
22.461561184385193,5.154798066518089,0.741013076433179,44.763962748989144,0
37.21670238375133,3.784149374180581,0.5921680592603313,32.732766043117024,0
43.2076882944196,-0.7060684529395371,0.40101843058123704,27.58031121790207,0
43.940498969445215,3.2803657263980748,0.36549158483863486,12.689625362081465,1
61.29395824945255,2.669732945024591,0.31167008541974317,28.587578737806602,0
94.30758377447076,0.450969307776103,0.9114739849716502,42.82943363262921,1
24.069271183250496,4.907686431505912,0.46553243856708615,34.58164072885262,0
12.150137630091805,7.7403581663145715,0.4480547244972376,43.286498149164736,1
19.747048985993732,4.059699299580726,0.8152247802982457,29.760466823972223,0
88.69249002092695,5.4327794879955125,0.5240112791611742,14.738468203779274,1
64.5810812655206,-0.38394592690584894,0.6542312846882856,10.545593833435243,0
28.590678923916013,2.7590029623529526,0.4137577457082194,22.128781868743648,0
81.59469389686173,0.047226366480462856,0.9718220050233783,37.9196188599117,0
86.1369996363436,4.515162519828594,0.896106980012066,41.61039615766775,1
84.6514338690278,7.446339423927391,0.9046527360755023,21.830113384813178,1
91.89265336395545,4.955999592244747,0.5847416240004036,29.826156835329883,1
25.224102017336158,-0.30877256517020624,0.8336528495950208,26.844756177363266,0
75.50419287462783,2.1919958448657457,0.4007133087728461,26.420911374057113,1
46.053949727414,3.9559704149676636,0.3060333018142462,19.25394852800602,1
84.19985528900615,2.62886980519927,0.3139810528046197,15.454844201178336,1
72.84906771616131,6.502796094276551,0.7106212161831923,17.867542329248526,1
77.64474464997247,6.332039042389903,0.6187764336735585,12.213295486533845,1
65.61618376810715,4.506479180928993,0.6626107442359638,17.925229672943082,1
17.742876946970686,2.361121506194347,0.30522419829205355,10.368035905015178,0
54.502691889693835,1.2980273638691973,0.595880633760198,35.09033602543913,0
98.46697395245081,-0.04713113608183617,0.8026477128406024,22.655016295507316,1
93.73880664971189,2.194079151378986,0.609885591377205,48.925788457076344,1
4.317373579701167,2.718552654869476,0.8125534444185556,17.748682031051914,0
16.481481572943714,5.082406325936662,0.4631132750777843,23.833142812383755,0
13.172877345456191,4.9234384186781615,0.8691994031372077,24.31364634566133,1
72.59799099852955,-0.36902674322868745,0.7119018683174165,10.33805984249842,1
81.77853298569451,2.55733383888042,0.44753416960093434,43.56831812157836,1
21.35113663106719,0.6360098049562573,0.465704333097683,11.279778405772989,0
50.5852692951829,0.4113143478512513,0.7396213251986758,47.60719338916965,0
84.07030280112,6.4457193476352135,0.8809577152487102,45.68297404374483,1
73.28015447662506,-0.6227630495536822,0.5909394474204086,31.420876643438543,0
54.223720549184826,2.772645883119092,0.4808103003893145,31.743822996451684,0
59.03476904587729,0.5138329018986636,0.9069081248374202,36.15111691824625,0
50.83605469162799,6.913971941106266,0.7684878042255844,25.48200047739548,1
29.754845131882057,4.0133646194753165,0.6136598410981535,35.888891335914224,0
56.50219928590161,1.082425727391632,0.6415301366955113,11.790735547539475,1
68.88853020500906,3.521845584497388,0.4429795275554774,12.161905093989063,1
87.33229158608077,5.583377237328042,0.7387618410453907,28.289216784781775,1
63.629135397924806,7.623062080274904,0.551119757380022,31.9848920442414,1
76.1121537043158,0.9840140382087705,0.9969516236720444,45.51270561343276,0
16.0071634954573,6.975635949164106,0.6361284606833215,14.186425356315851,1
46.15574744197899,7.408737027507412,0.6401199243327291,42.905917087755576,1
0.9331619827093296,7.247784900788597,0.6960962511874702,18.401893491682785,1
24.667886452162303,4.718729211757188,0.9417292021831227,25.763345940401273,1
72.64617151130048,4.668385889912369,0.8605726699018252,22.664097393096515,1
99.18099513493634,2.628895698654405,0.615791048858489,26.00621091461596,1
9.917809958721591,5.771580940734091,0.8030894861809572,16.019819922903423,1
40.14943158612883,3.7816461651583877,0.7103648491465331,30.1428029761422,1
80.00709686991596,5.096942641054651,0.6446569340908742,42.06570359325469,1
20.403563462889885,2.8561211346391593,0.43462104094904536,27.661360415155876,0
55.50849493022862,5.583468176388251,0.6247553844184236,29.624543035927964,1
73.30712960296748,6.420243658440942,0.4720730109158022,43.95070341125257,1
61.5985450260179,0.31792630942534506,0.9403895048961581,38.24232458552123,0
18.802473461541613,6.4963674401680525,0.5347847694474428,29.61817634079139,1
35.538456868573945,3.8626687861127653,0.9665848101733605,20.307825927567187,1
78.37917844853972,6.601993181812019,0.6731387030662979,45.397069873798664,1
55.42265141320166,2.8817153570691314,0.7420810650733122,33.08081606762234,1
0.5229613542912737,2.411364368447315,0.6800583111425293,18.845904404427735,0
76.09907600280938,7.235546592655002,0.3905664318766906,20.764790105520415,1
3.531135494023907,1.2605234079356116,0.5630748533055586,42.12532355744984,0
74.57337827312321,6.597910927575288,0.3694022785943367,11.76582248349822,1
20.24805601652374,3.3561851525846373,0.7360678309283673,49.6836874811528,0
95.80734801193802,3.6268589829613376,0.6128119366403072,15.21406718859167,1
36.79407513020845,1.7762145334053563,0.8445894800996556,41.84274101587749,0
32.69316163380791,4.157379805571141,0.4543293366995589,25.791012670867314,0
14.888805033244468,1.9269007664859017,0.4151962409005344,29.688647331498675,0
30.560421549021488,-0.6465752718251292,0.5844325616746374,45.22602309858311,0
87.66507618282006,1.4479874480992043,0.9486097682528667,26.516447583568528,1
99.63343376272474,-0.9425886093406839,0.7972952705086882,31.49975014692938,0
36.83095305068483,7.8051930835117105,0.5932465373550431,11.971986496366798,1
44.861063095454256,7.691724888377728,0.6620905188280173,10.093898954698126,1
72.2070938202737,2.5563976772507453,0.3589491078239688,19.791994920069037,1
88.61957804650746,5.555337689056814,0.9892031274632791,37.22332371675069,1
59.304433418678414,2.112254885693825,0.7664851132864432,14.850595734365468,1
39.15256981778293,5.039838413773785,0.4997828479243957,14.550478352181976,1
41.262184084862376,6.248870387413811,0.710065875950671,26.43842432143613,1
69.56181464968068,7.520806202230167,0.37663765624829576,35.91348154432906,1
0.32182636042786816,2.601910482647048,0.9760856681653085,38.48287968991722,0
61.95893374598407,6.049681846604429,0.42234949151835616,17.13802696393499,1
35.54930104413574,1.3933560556890692,0.7536212226386498,13.183525894881697,0
79.41973312770843,7.912990734142834,0.4718181237772513,47.61588135782177,1
9.299063982313216,-0.7680736111208397,0.802292967853975,20.42665530248407,0
58.82022669483905,4.4317592585100885,0.8437749570681967,44.13385990434895,1
48.09728898861238,4.935553834861944,0.7713938102380028,44.53965801851273,1
64.23255259052274,5.19241001366716,0.7301496221786348,40.900903670501776,1
6.485359448296835,0.08348820910180121,0.924728365766408,16.753344266102804,0
57.99837874281313,7.446768051258173,0.3550386976928306,42.87205837016801,1
56.14845879595237,0.6306495114507453,0.5316403360461366,40.770022369663465,0
56.06600944161709,4.60478062915857,0.47380123574159216,33.86891960424869,1
60.34876665964548,1.0040847121077645,0.9916097734457952,23.48808140675811,1
67.64679372263622,1.764947753191438,0.5725728457668113,20.500344170661762,1
80.49889996807697,3.918126875553119,0.8128288894682791,14.875568483214359,1
26.982072012821433,2.7547407670811883,0.7793076147167032,30.390282676034857,0
82.5049410180062,0.4420304087885567,0.44845686623416436,33.41043502039386,0
49.82556822634536,0.5384276217876347,0.4672983761480859,24.37355962063149,0
7.705827913433117,2.763303093465197,0.49689919448712383,29.014362707234742,0
5.85509292439792,5.8155468044795064,0.5877890947815654,24.54057829477067,1
33.42383186960608,7.081681821630097,0.46402754595536877,35.64024229282805,1
78.48969771114676,-0.24285103966555444,0.31375603792279344,46.050368311862535,0
70.76809347409157,2.5379351680346094,0.9155751397650367,16.556810481877797,1
78.86149646724064,-0.09778992649411034,0.9759268819666187,25.25635239612494,1
51.72690564416094,-0.850667674306619,0.5390992709220975,15.634744158034453,0
44.01989979554906,4.95546814379561,0.536954815597831,34.99775081631328,1
14.745252670628394,4.42204497769929,0.3049642689420597,39.154820379543835,0
32.81927536093116,0.46717202433397587,0.7761754818312618,47.27650930389824,0
43.40193661738753,1.104315497837577,0.87780792702404,21.154877050438596,0
8.860042967961723,-0.7866302171993346,0.40262581025200217,48.008448234617205,0
22.061195271121125,6.514524851249633,0.4117664445570055,12.530506872826992,1
59.82252940637388,7.772215364436963,0.8530582749800064,34.120554534583526,1
73.56631142391899,0.21913583115221735,0.7314035238479013,12.285308773733199,1
99.83475113929497,1.083276923887683,0.3314023903394019,45.75096751047779,0
93.31133313435576,6.815685715522406,0.7357828933235971,31.192362282802165,1
64.25651995351916,7.338174181605664,0.5162424059906362,36.77393403051184,1
42.1248053294072,2.776646445261293,0.5581076088295922,43.2629570364181,0
63.617736470823274,-0.5443977495783329,0.8388119928078162,16.01242489935875,0
78.56516180802319,-0.6454734967646254,0.8676546348708274,11.543662477525354,1
11.833619092338733,4.165548794621094,0.5802496387878815,45.155245836514084,0
40.99048896962883,2.5360559800386113,0.9630070552044483,22.5973290983573,1
83.98022856356172,-0.7421281518011094,0.5845239025664506,15.15915631708661,0
38.3832951933044,4.249271530813011,0.8402852246610768,28.73844948348346,1
57.18722712271865,-0.8982771706987978,0.6387140851949813,33.932243027840755,0
58.77693608621982,6.086347623343457,0.9282726285654588,11.238824136900405,1
18.447625313363936,1.7578954043303443,0.9354328705551249,20.99582633028351,0
36.22354416522884,-0.6376779729169111,0.3611917655097587,11.31199497107584,0
33.451128874193216,4.29516998884838,0.9555453319171578,26.81341556781996,1
2.6196708532064794,2.5791597298974924,0.8778743890642908,45.80400116264977,0
2.4191763891355245,7.764203720214345,0.8539175000188668,49.30609645974277,1
83.16970436757735,3.89778796253332,0.4406379377798657,35.4819021401451,1
27.30708099728124,1.4771526293330748,0.8635834461282654,16.465507751383672,0
51.80787662388154,5.384949781705773,0.8950929142795256,46.23397559997223,1
29.872557358877305,1.4434280228844019,0.5024052341179056,30.64991292800242,0
94.06792451153404,7.1381896226680865,0.9665820548536266,16.149972484116724,1
25.929675886577375,2.372497734566388,0.334902102479415,46.869066778066454,0
42.96568127389351,3.948817064985847,0.40493647727299775,40.298762028924116,0
87.27302504846018,-0.5448420655819403,0.67630679663606,39.268210908926065,0
84.19335667918087,2.835091141570077,0.7030547297856167,38.36722815177619,1
18.610141784627732,6.491271856948955,0.7516050583106324,18.013592843857694,1
80.26433097957104,6.250839248270077,0.3118783905208265,18.440267668301043,1
45.81868867378927,1.0188670296817364,0.9722567422354911,37.5317199370902,0
48.29688720853552,1.0347116390950641,0.3312116649139008,18.788910004415875,0
13.347997241594378,6.355747809919131,0.40014336690638164,27.546867872121954,1
8.060151375712465,7.37358578152393,0.3098101622682399,41.28007302375765,0
72.79393069737652,-0.14175170854296804,0.6968009033058662,41.35810072391364,0
49.646115235529976,3.0505277548360272,0.9525868187446804,28.130470901034386,1
43.68507026151796,2.0370885106780605,0.7661630162563249,41.6875975310098,0
72.95082286523967,6.836196099116954,0.875860227936299,43.54487184792227,1
76.55128989911097,-0.24827576787983108,0.309296842421006,36.19103005137041,0
15.890816766935355,0.9001334830223366,0.6794107089358082,19.137034092336805,0
61.02251494776413,5.772215038278449,0.6216940842538653,20.9604712154219,1
13.535408227768553,-0.5383553591690597,0.6492775609545551,22.593646216349413,0
75.13750860290457,3.4328184264286037,0.35054922973463154,14.672164309358081,1
65.69551562671396,2.97896331211748,0.7791047527485152,20.926384814797807,1
95.6614621083458,2.009610610898738,0.6522542904010441,18.380768972501286,1
6.895801635642118,2.5511508378703143,0.8356041949028847,28.213149992344086,0
5.705472115125431,3.7694652823720967,0.6397034438432008,46.337501914890595,0
28.218707469320016,0.4523062254954482,0.40456714535850247,14.179212670158323,0
